cognitive_domain,general_domain,study_id,year,participant
physical,features_and_categories,haun2009great,2009,alex
physical,features_and_categories,kano2015social,2015,alex
physical,features_and_categories,munar2015common,2015,alex
physical,features_and_categories,kano2018primate,2018,alex
physical,features_and_categories,haun2009great,2009,alexandra
physical,features_and_categories,haun2009great,2009,annett
physical,features_and_categories,kano2015social,2015,bangolo
physical,features_and_categories,kano2018primate,2018,bangolo
physical,features_and_categories,kano2012face,2012,batak
physical,features_and_categories,muhlenbeck2015gaze,2015,batak
physical,features_and_categories,muhlenbeck2016differences,2016,batak
physical,features_and_categories,muhlenbeck2017cultural,2017,batak
physical,features_and_categories,kano2018primate,2018,batak
physical,features_and_categories,haun2009great,2009,bimbo
physical,features_and_categories,kano2011visual,2011,bimbo
physical,features_and_categories,kano2012face,2012,bimbo
physical,features_and_categories,muhlenbeck2015gaze,2015,bimbo
physical,features_and_categories,muhlenbeck2016differences,2016,bimbo
physical,features_and_categories,muhlenbeck2017cultural,2017,bimbo
physical,features_and_categories,ebel2020object,2020,bimbo
physical,features_and_categories,kano2018primate,2018,brigitta
physical,features_and_categories,parron2008behavioural,2008,corry
physical,features_and_categories,kano2018primate,2018,daza
physical,features_and_categories,haun2009great,2009,dokana
physical,features_and_categories,kano2011visual,2011,dokana
physical,features_and_categories,kano2012face,2012,dokana
physical,features_and_categories,muhlenbeck2015gaze,2015,dokana
physical,features_and_categories,muhlenbeck2016differences,2016,dokana
physical,features_and_categories,muhlenbeck2017cultural,2017,dokana
physical,features_and_categories,kano2018primate,2018,dokana
physical,features_and_categories,ebel2020object,2020,dokana
physical,features_and_categories,parron2008behavioural,2008,dorien
physical,features_and_categories,haun2009great,2009,dorien
physical,features_and_categories,haun2009great,2009,fifi
physical,features_and_categories,kano2015social,2015,fifi
physical,features_and_categories,munar2015common,2015,fifi
physical,features_and_categories,kano2018primate,2018,fifi
physical,features_and_categories,kano2015social,2015,fimi
physical,features_and_categories,kano2018primate,2018,fimi
physical,features_and_categories,parron2008behavioural,2008,fraukje
physical,features_and_categories,haun2009great,2009,fraukje
physical,features_and_categories,kano2015social,2015,fraukje
physical,features_and_categories,kano2018primate,2018,fraukje
physical,features_and_categories,kano2018primate,2018,frederike
physical,features_and_categories,parron2008behavioural,2008,frodo
physical,features_and_categories,kano2018primate,2018,gemena
physical,features_and_categories,haun2009great,2009,gertrudia
physical,features_and_categories,kano2015social,2015,gertrudia
physical,features_and_categories,munar2015common,2015,gertrudia
physical,features_and_categories,kano2018primate,2018,gertrudia
physical,features_and_categories,kano2012face,2012,gorgo
physical,features_and_categories,haun2009great,2009,jahaga
physical,features_and_categories,kano2015social,2015,jahaga
physical,features_and_categories,munar2015common,2015,jahaga
physical,features_and_categories,kano2018primate,2018,jahaga
physical,features_and_categories,kano2015social,2015,jasongo
physical,features_and_categories,kano2018primate,2018,jasongo
physical,features_and_categories,kano2018primate,2018,jeudi
physical,features_and_categories,haun2009great,2009,joey
physical,features_and_categories,kano2015social,2015,joey
physical,features_and_categories,kano2015social,2015,kara
physical,features_and_categories,kano2018primate,2018,kara
physical,features_and_categories,kano2011visual,2011,kibara
physical,features_and_categories,kano2012face,2012,kibara
physical,features_and_categories,munar2015common,2015,kibara
physical,features_and_categories,kano2012face,2012,kila
physical,features_and_categories,kano2015social,2015,kofi
physical,features_and_categories,munar2015common,2015,kofi
physical,features_and_categories,kano2018primate,2018,kofi
physical,features_and_categories,haun2009great,2009,kuno
physical,features_and_categories,kano2015social,2015,kuno
physical,features_and_categories,kano2018primate,2018,kuno
physical,features_and_categories,haun2009great,2009,limbuko
physical,features_and_categories,kano2015social,2015,lobo
physical,features_and_categories,munar2015common,2015,lobo
physical,features_and_categories,kano2018primate,2018,lobo
physical,features_and_categories,parron2008behavioural,2008,lome
physical,features_and_categories,kano2015social,2015,lome
physical,features_and_categories,munar2015common,2015,lome
physical,features_and_categories,kano2018primate,2018,lome
physical,features_and_categories,kano2015social,2015,loto
physical,features_and_categories,kano2011visual,2011,louna
physical,features_and_categories,kano2012face,2012,louna
physical,features_and_categories,kano2015social,2015,luiza
physical,features_and_categories,kano2018primate,2018,luiza
physical,features_and_categories,kano2011visual,2011,maia
physical,features_and_categories,kano2012face,2012,maia
physical,features_and_categories,parron2008behavioural,2008,natascha
physical,features_and_categories,haun2009great,2009,n’diki
physical,features_and_categories,haun2009great,2009,padana
physical,features_and_categories,kano2011visual,2011,padana
physical,features_and_categories,kano2012face,2012,padana
physical,features_and_categories,muhlenbeck2015gaze,2015,padana
physical,features_and_categories,muhlenbeck2016differences,2016,padana
physical,features_and_categories,muhlenbeck2017cultural,2017,padana
physical,features_and_categories,kano2018primate,2018,padana
physical,features_and_categories,ebel2020object,2020,padana
physical,features_and_categories,parron2008behavioural,2008,patrick
physical,features_and_categories,haun2009great,2009,patrick
physical,features_and_categories,parron2008behavioural,2008,pia
physical,features_and_categories,haun2009great,2009,pia
physical,features_and_categories,haun2009great,2009,pini
physical,features_and_categories,kano2011visual,2011,pini
physical,features_and_categories,kano2012face,2012,pini
physical,features_and_categories,muhlenbeck2015gaze,2015,pini
physical,features_and_categories,muhlenbeck2016differences,2016,pini
physical,features_and_categories,muhlenbeck2017cultural,2017,pini
physical,features_and_categories,kano2018primate,2018,pini
physical,features_and_categories,ebel2020object,2020,pini
physical,features_and_categories,kano2011visual,2011,raja
physical,features_and_categories,kano2012face,2012,raja
physical,features_and_categories,muhlenbeck2015gaze,2015,raja
physical,features_and_categories,muhlenbeck2016differences,2016,raja
physical,features_and_categories,muhlenbeck2017cultural,2017,raja
physical,features_and_categories,kano2018primate,2018,raja
physical,features_and_categories,ebel2020object,2020,raja
physical,features_and_categories,parron2008behavioural,2008,riet
physical,features_and_categories,haun2009great,2009,riet
physical,features_and_categories,kano2015social,2015,riet
physical,features_and_categories,kano2018primate,2018,riet
physical,features_and_categories,parron2008behavioural,2008,robert
physical,features_and_categories,haun2009great,2009,robert
physical,features_and_categories,kano2015social,2015,robert
physical,features_and_categories,kano2018primate,2018,robert
physical,features_and_categories,parron2008behavioural,2008,sandra
physical,features_and_categories,haun2009great,2009,sandra
physical,features_and_categories,kano2015social,2015,sandra
physical,features_and_categories,kano2018primate,2018,sandra
physical,features_and_categories,kano2011visual,2011,suaq
physical,features_and_categories,kano2012face,2012,suaq
physical,features_and_categories,muhlenbeck2015gaze,2015,suaq
physical,features_and_categories,muhlenbeck2016differences,2016,suaq
physical,features_and_categories,muhlenbeck2017cultural,2017,suaq
physical,features_and_categories,kano2018primate,2018,suaq
physical,features_and_categories,ebel2020object,2020,suaq
physical,features_and_categories,parron2008behavioural,2008,swela
physical,features_and_categories,kano2012face,2012,tanah
physical,features_and_categories,muhlenbeck2015gaze,2015,tanah
physical,features_and_categories,muhlenbeck2016differences,2016,tanah
physical,features_and_categories,muhlenbeck2017cultural,2017,tanah
physical,features_and_categories,kano2018primate,2018,tanah
physical,features_and_categories,ebel2020object,2020,tanah
physical,features_and_categories,ebel2020object,2020,tao
physical,features_and_categories,haun2009great,2009,ulindi
physical,features_and_categories,kano2015social,2015,ulindi
physical,features_and_categories,parron2008behavioural,2008,ulla
physical,features_and_categories,kano2015social,2015,ulla
physical,features_and_categories,kano2018primate,2018,ulla
physical,features_and_categories,haun2009great,2009,unyoro
physical,features_and_categories,haun2009great,2009,viringika
physical,features_and_categories,kano2011visual,2011,viringika
physical,features_and_categories,kano2012face,2012,viringika
physical,features_and_categories,munar2015common,2015,viringika
physical,features_and_categories,haun2009great,2009,yasa
physical,features_and_categories,kano2015social,2015,yasa
physical,features_and_categories,kano2018primate,2018,yasa
physical,features_and_categories,kano2011visual,2011,zola
physical,features_and_categories,kano2012face,2012,zola
physical,quantities_and_time,sanchez2016differences,2016,abeeku
physical,quantities_and_time,eckert2017great,2017,abeeku
physical,quantities_and_time,sanchez2019disentangling,2019,abeeku
physical,quantities_and_time,martin2010keeping,2010,alex
physical,quantities_and_time,kanngiesser2011limits,2011,alex
physical,quantities_and_time,amici2012modular,2012,alex
physical,quantities_and_time,cacchione2014apes,2014,alex
physical,quantities_and_time,sanchez2016differences,2016,alex
physical,quantities_and_time,sanchez2019disentangling,2019,alex
physical,quantities_and_time,kanngiesser2020children,2020,alex
physical,quantities_and_time,martin2010keeping,2010,alexandra
physical,quantities_and_time,kanngiesser2011limits,2011,alexandra
physical,quantities_and_time,amici2012modular,2012,alexandra
physical,quantities_and_time,cacchione2014apes,2014,alexandra
physical,quantities_and_time,sanchez2016differences,2016,alexandra
physical,quantities_and_time,eckert2017great,2017,alexandra
physical,quantities_and_time,kanngiesser2020children,2020,alexandra
physical,quantities_and_time,kanngiesser2011limits,2011,annett
physical,quantities_and_time,amici2012modular,2012,annett
physical,quantities_and_time,sanchez2016differences,2016,annett
physical,quantities_and_time,sanchez2016differences,2016,bangolo
physical,quantities_and_time,eckert2017great,2017,bangolo
physical,quantities_and_time,sanchez2019disentangling,2019,bangolo
physical,quantities_and_time,sanchez2019disentangling,2019,batak
physical,quantities_and_time,vlamings2006great,2006,bebe
physical,quantities_and_time,amici2008fission,2008,bebe
physical,quantities_and_time,kanngiesser2011limits,2011,bebe
physical,quantities_and_time,amici2012modular,2012,bebe
physical,quantities_and_time,schmitt2013monkeys,2013,bebe
physical,quantities_and_time,suda2004piagetian,2004,bimbo
physical,quantities_and_time,suda2005piagetian,2005,bimbo
physical,quantities_and_time,suda2006what,2006,bimbo
physical,quantities_and_time,amici2008fission,2008,bimbo
physical,quantities_and_time,haun2011great,2011,bimbo
physical,quantities_and_time,kanngiesser2011limits,2011,bimbo
physical,quantities_and_time,martin2011memory,2011,bimbo
physical,quantities_and_time,amici2012modular,2012,bimbo
physical,quantities_and_time,cacchione2014apes,2014,bimbo
physical,quantities_and_time,rakoczy2014apes,2014,bimbo
physical,quantities_and_time,sanchez2016differences,2016,bimbo
physical,quantities_and_time,eckert2017great,2017,bimbo
physical,quantities_and_time,broihanne2019monkeys,2019,bimbo
physical,quantities_and_time,sanchez2019disentangling,2019,bimbo
physical,quantities_and_time,romain2021non,2021,bimbo
physical,quantities_and_time,amici2012modular,2012,brent
physical,quantities_and_time,kanngiesser2011limits,2011,corry
physical,quantities_and_time,amici2012modular,2012,corry
physical,quantities_and_time,rakoczy2014apes,2014,corry
physical,quantities_and_time,sanchez2016differences,2016,corry
physical,quantities_and_time,eckert2017great,2017,daza
physical,quantities_and_time,sanchez2019disentangling,2019,daza
physical,quantities_and_time,vlamings2006great,2006,dokana
physical,quantities_and_time,amici2008fission,2008,dokana
physical,quantities_and_time,uher2008great,2008,dokana
physical,quantities_and_time,martin2010keeping,2010,dokana
physical,quantities_and_time,haun2011great,2011,dokana
physical,quantities_and_time,kanngiesser2011limits,2011,dokana
physical,quantities_and_time,martin2011memory,2011,dokana
physical,quantities_and_time,amici2012modular,2012,dokana
physical,quantities_and_time,cacchione2014apes,2014,dokana
physical,quantities_and_time,rakoczy2014apes,2014,dokana
physical,quantities_and_time,sanchez2016differences,2016,dokana
physical,quantities_and_time,eckert2017great,2017,dokana
physical,quantities_and_time,broihanne2019monkeys,2019,dokana
physical,quantities_and_time,sanchez2019disentangling,2019,dokana
physical,quantities_and_time,romain2021non,2021,dokana
physical,quantities_and_time,vlamings2006great,2006,dorien
physical,quantities_and_time,uher2008great,2008,dorien
physical,quantities_and_time,martin2010keeping,2010,dorien
physical,quantities_and_time,kanngiesser2011limits,2011,dorien
physical,quantities_and_time,amici2012modular,2012,dorien
physical,quantities_and_time,schmitt2013monkeys,2013,dorien
physical,quantities_and_time,rakoczy2014apes,2014,dorien
physical,quantities_and_time,sanchez2016differences,2016,dorien
physical,quantities_and_time,sanchez2019disentangling,2019,dorien
physical,quantities_and_time,suda2004piagetian,2004,dunja
physical,quantities_and_time,suda2005piagetian,2005,dunja
physical,quantities_and_time,suda2006what,2006,dunja
physical,quantities_and_time,amici2008fission,2008,dunja
physical,quantities_and_time,uher2008great,2008,dunja
physical,quantities_and_time,haun2011great,2011,dunja
physical,quantities_and_time,kanngiesser2011limits,2011,dunja
physical,quantities_and_time,amici2012modular,2012,dunja
physical,quantities_and_time,suda2004piagetian,2004,fifi
physical,quantities_and_time,suda2005piagetian,2005,fifi
physical,quantities_and_time,suda2006what,2006,fifi
physical,quantities_and_time,uher2008great,2008,fifi
physical,quantities_and_time,martin2010keeping,2010,fifi
physical,quantities_and_time,haun2011great,2011,fifi
physical,quantities_and_time,kanngiesser2011limits,2011,fifi
physical,quantities_and_time,amici2012modular,2012,fifi
physical,quantities_and_time,schmitt2013monkeys,2013,fifi
physical,quantities_and_time,cacchione2014apes,2014,fifi
physical,quantities_and_time,sanchez2016differences,2016,fifi
physical,quantities_and_time,sanchez2016differences,2016,fimi
physical,quantities_and_time,eckert2017great,2017,fimi
physical,quantities_and_time,sanchez2019disentangling,2019,fimi
physical,quantities_and_time,kanngiesser2020children,2020,fimi
physical,quantities_and_time,suda2004piagetian,2004,fraukje
physical,quantities_and_time,suda2005piagetian,2005,fraukje
physical,quantities_and_time,suda2006what,2006,fraukje
physical,quantities_and_time,uher2008great,2008,fraukje
physical,quantities_and_time,martin2010keeping,2010,fraukje
physical,quantities_and_time,kanngiesser2011limits,2011,fraukje
physical,quantities_and_time,amici2012modular,2012,fraukje
physical,quantities_and_time,schmitt2013monkeys,2013,fraukje
physical,quantities_and_time,rakoczy2014apes,2014,fraukje
physical,quantities_and_time,sanchez2016differences,2016,fraukje
physical,quantities_and_time,sanchez2019disentangling,2019,fraukje
physical,quantities_and_time,sanchez2019disentangling,2019,frederike
physical,quantities_and_time,vlamings2006great,2006,frodo
physical,quantities_and_time,heilbronner2008fruit,2008,frodo
physical,quantities_and_time,haun2011great,2011,frodo
physical,quantities_and_time,kanngiesser2011limits,2011,frodo
physical,quantities_and_time,martin2011memory,2011,frodo
physical,quantities_and_time,amici2012modular,2012,frodo
physical,quantities_and_time,schmitt2013monkeys,2013,frodo
physical,quantities_and_time,rakoczy2014apes,2014,frodo
physical,quantities_and_time,sanchez2016differences,2016,frodo
physical,quantities_and_time,eckert2017great,2017,frodo
physical,quantities_and_time,sanchez2019disentangling,2019,frodo
physical,quantities_and_time,sanchez2016differences,2016,gemena
physical,quantities_and_time,eckert2017great,2017,gemena
physical,quantities_and_time,sanchez2019disentangling,2019,gemena
physical,quantities_and_time,kanngiesser2020children,2020,gemena
physical,quantities_and_time,uher2008great,2008,gertrudia
physical,quantities_and_time,haun2011great,2011,gertrudia
physical,quantities_and_time,kanngiesser2011limits,2011,gertrudia
physical,quantities_and_time,martin2011memory,2011,gertrudia
physical,quantities_and_time,amici2012modular,2012,gertrudia
physical,quantities_and_time,cacchione2014apes,2014,gertrudia
physical,quantities_and_time,sanchez2016differences,2016,gertrudia
physical,quantities_and_time,amici2008fission,2008,gorgo
physical,quantities_and_time,haun2011great,2011,gorgo
physical,quantities_and_time,kanngiesser2011limits,2011,gorgo
physical,quantities_and_time,amici2012modular,2012,gorgo
physical,quantities_and_time,schmitt2013monkeys,2013,gorgo
physical,quantities_and_time,cacchione2014apes,2014,gorgo
physical,quantities_and_time,rakoczy2014apes,2014,gorgo
physical,quantities_and_time,broihanne2019monkeys,2019,gorgo
physical,quantities_and_time,romain2021non,2021,gorgo
physical,quantities_and_time,suda2004piagetian,2004,jahaga
physical,quantities_and_time,suda2005piagetian,2005,jahaga
physical,quantities_and_time,suda2006what,2006,jahaga
physical,quantities_and_time,vlamings2006great,2006,jahaga
physical,quantities_and_time,martin2010keeping,2010,jahaga
physical,quantities_and_time,haun2011great,2011,jahaga
physical,quantities_and_time,kanngiesser2011limits,2011,jahaga
physical,quantities_and_time,amici2012modular,2012,jahaga
physical,quantities_and_time,schmitt2013monkeys,2013,jahaga
physical,quantities_and_time,cacchione2014apes,2014,jahaga
physical,quantities_and_time,sanchez2016differences,2016,jahaga
physical,quantities_and_time,eckert2017great,2017,jahaga
physical,quantities_and_time,kanngiesser2020children,2020,jahaga
physical,quantities_and_time,sanchez2016differences,2016,jasongo
physical,quantities_and_time,broihanne2019monkeys,2019,jasongo
physical,quantities_and_time,kanngiesser2020children,2020,jasongo
physical,quantities_and_time,eckert2017great,2017,jeudi
physical,quantities_and_time,sanchez2019disentangling,2019,jeudi
physical,quantities_and_time,suda2004piagetian,2004,joey
physical,quantities_and_time,suda2005piagetian,2005,joey
physical,quantities_and_time,suda2006what,2006,joey
physical,quantities_and_time,vlamings2006great,2006,joey
physical,quantities_and_time,heilbronner2008fruit,2008,joey
physical,quantities_and_time,haun2011great,2011,joey
physical,quantities_and_time,kanngiesser2011limits,2011,joey
physical,quantities_and_time,martin2011memory,2011,joey
physical,quantities_and_time,amici2012modular,2012,joey
physical,quantities_and_time,schmitt2013monkeys,2013,joey
physical,quantities_and_time,cacchione2014apes,2014,joey
physical,quantities_and_time,rakoczy2014apes,2014,joey
physical,quantities_and_time,sanchez2016differences,2016,joey
physical,quantities_and_time,broihanne2019monkeys,2019,joey
physical,quantities_and_time,sanchez2019disentangling,2019,joey
physical,quantities_and_time,rakoczy2014apes,2014,kara
physical,quantities_and_time,sanchez2016differences,2016,kara
physical,quantities_and_time,eckert2017great,2017,kara
physical,quantities_and_time,kanngiesser2020children,2020,kara
physical,quantities_and_time,amici2008fission,2008,kibara
physical,quantities_and_time,haun2011great,2011,kibara
physical,quantities_and_time,kanngiesser2011limits,2011,kibara
physical,quantities_and_time,amici2012modular,2012,kibara
physical,quantities_and_time,cacchione2014apes,2014,kibara
physical,quantities_and_time,rakoczy2014apes,2014,kibara
physical,quantities_and_time,sanchez2016differences,2016,kibara
physical,quantities_and_time,eckert2017great,2017,kibara
physical,quantities_and_time,broihanne2019monkeys,2019,kibara
physical,quantities_and_time,sanchez2019disentangling,2019,kibara
physical,quantities_and_time,romain2021non,2021,kibara
physical,quantities_and_time,amici2008fission,2008,kila
physical,quantities_and_time,haun2011great,2011,kila
physical,quantities_and_time,kanngiesser2011limits,2011,kila
physical,quantities_and_time,amici2012modular,2012,kila
physical,quantities_and_time,cacchione2014apes,2014,kila
physical,quantities_and_time,rakoczy2014apes,2014,kila
physical,quantities_and_time,broihanne2019monkeys,2019,kila
physical,quantities_and_time,rakoczy2014apes,2014,kofi
physical,quantities_and_time,sanchez2016differences,2016,kofi
physical,quantities_and_time,sanchez2019disentangling,2019,kofi
physical,quantities_and_time,kanngiesser2020children,2020,kofi
physical,quantities_and_time,sanchez2016differences,2016,kumili
physical,quantities_and_time,eckert2017great,2017,kumili
physical,quantities_and_time,sanchez2019disentangling,2019,kumili
physical,quantities_and_time,suda2004piagetian,2004,kuno
physical,quantities_and_time,suda2005piagetian,2005,kuno
physical,quantities_and_time,suda2006what,2006,kuno
physical,quantities_and_time,vlamings2006great,2006,kuno
physical,quantities_and_time,heilbronner2008fruit,2008,kuno
physical,quantities_and_time,uher2008great,2008,kuno
physical,quantities_and_time,martin2010keeping,2010,kuno
physical,quantities_and_time,haun2011great,2011,kuno
physical,quantities_and_time,kanngiesser2011limits,2011,kuno
physical,quantities_and_time,martin2011memory,2011,kuno
physical,quantities_and_time,amici2012modular,2012,kuno
physical,quantities_and_time,schmitt2013monkeys,2013,kuno
physical,quantities_and_time,cacchione2014apes,2014,kuno
physical,quantities_and_time,rakoczy2014apes,2014,kuno
physical,quantities_and_time,sanchez2016differences,2016,kuno
physical,quantities_and_time,eckert2017great,2017,kuno
physical,quantities_and_time,broihanne2019monkeys,2019,kuno
physical,quantities_and_time,sanchez2019disentangling,2019,kuno
physical,quantities_and_time,kanngiesser2020children,2020,kuno
physical,quantities_and_time,romain2021non,2021,kuno
physical,quantities_and_time,sanchez2016differences,2016,lexi
physical,quantities_and_time,eckert2017great,2017,lexi
physical,quantities_and_time,sanchez2019disentangling,2019,lexi
physical,quantities_and_time,kanngiesser2020children,2020,lexi
physical,quantities_and_time,suda2004piagetian,2004,limbuko
physical,quantities_and_time,suda2005piagetian,2005,limbuko
physical,quantities_and_time,suda2006what,2006,limbuko
physical,quantities_and_time,vlamings2006great,2006,limbuko
physical,quantities_and_time,heilbronner2008fruit,2008,limbuko
physical,quantities_and_time,uher2008great,2008,limbuko
physical,quantities_and_time,martin2010keeping,2010,limbuko
physical,quantities_and_time,haun2011great,2011,limbuko
physical,quantities_and_time,kanngiesser2011limits,2011,limbuko
physical,quantities_and_time,martin2011memory,2011,limbuko
physical,quantities_and_time,amici2012modular,2012,limbuko
physical,quantities_and_time,schmitt2013monkeys,2013,limbuko
physical,quantities_and_time,rakoczy2014apes,2014,lobo
physical,quantities_and_time,sanchez2016differences,2016,lobo
physical,quantities_and_time,eckert2017great,2017,lobo
physical,quantities_and_time,sanchez2019disentangling,2019,lobo
physical,quantities_and_time,kanngiesser2020children,2020,lobo
physical,quantities_and_time,martin2010keeping,2010,lome
physical,quantities_and_time,kanngiesser2011limits,2011,lome
physical,quantities_and_time,amici2012modular,2012,lome
physical,quantities_and_time,rakoczy2014apes,2014,lome
physical,quantities_and_time,sanchez2016differences,2016,lome
physical,quantities_and_time,sanchez2019disentangling,2019,lome
physical,quantities_and_time,kanngiesser2020children,2020,lome
physical,quantities_and_time,sanchez2016differences,2016,loto
physical,quantities_and_time,cacchione2014apes,2014,louna
physical,quantities_and_time,broihanne2019monkeys,2019,louna
physical,quantities_and_time,romain2021non,2021,louna
physical,quantities_and_time,cacchione2014apes,2014,luiza
physical,quantities_and_time,rakoczy2014apes,2014,luiza
physical,quantities_and_time,sanchez2016differences,2016,luiza
physical,quantities_and_time,eckert2017great,2017,luiza
physical,quantities_and_time,broihanne2019monkeys,2019,luiza
physical,quantities_and_time,sanchez2019disentangling,2019,luiza
physical,quantities_and_time,kanngiesser2020children,2020,luiza
physical,quantities_and_time,romain2021non,2021,luiza
physical,quantities_and_time,schmitt2013monkeys,2013,maja
physical,quantities_and_time,kanngiesser2011limits,2011,natascha
physical,quantities_and_time,amici2012modular,2012,natascha
physical,quantities_and_time,schmitt2013monkeys,2013,natascha
physical,quantities_and_time,rakoczy2014apes,2014,natascha
physical,quantities_and_time,sanchez2016differences,2016,natascha
physical,quantities_and_time,vlamings2006great,2006,n’diki
physical,quantities_and_time,amici2012modular,2012,n’diki
physical,quantities_and_time,schmitt2013monkeys,2013,n’diki
physical,quantities_and_time,vlamings2006great,2006,n’kwango
physical,quantities_and_time,uher2008great,2008,n’kwango
physical,quantities_and_time,amici2012modular,2012,n’kwango
physical,quantities_and_time,schmitt2013monkeys,2013,n’kwango
physical,quantities_and_time,vlamings2006great,2006,padana
physical,quantities_and_time,amici2008fission,2008,padana
physical,quantities_and_time,martin2010keeping,2010,padana
physical,quantities_and_time,haun2011great,2011,padana
physical,quantities_and_time,kanngiesser2011limits,2011,padana
physical,quantities_and_time,martin2011memory,2011,padana
physical,quantities_and_time,amici2012modular,2012,padana
physical,quantities_and_time,cacchione2014apes,2014,padana
physical,quantities_and_time,rakoczy2014apes,2014,padana
physical,quantities_and_time,sanchez2016differences,2016,padana
physical,quantities_and_time,eckert2017great,2017,padana
physical,quantities_and_time,broihanne2019monkeys,2019,padana
physical,quantities_and_time,sanchez2019disentangling,2019,padana
physical,quantities_and_time,romain2021non,2021,padana
physical,quantities_and_time,amici2008fission,2008,pagai
physical,quantities_and_time,kanngiesser2011limits,2011,pagai
physical,quantities_and_time,amici2012modular,2012,pagai
physical,quantities_and_time,heilbronner2008fruit,2008,patrick
physical,quantities_and_time,uher2008great,2008,patrick
physical,quantities_and_time,haun2011great,2011,patrick
physical,quantities_and_time,kanngiesser2011limits,2011,patrick
physical,quantities_and_time,martin2011memory,2011,patrick
physical,quantities_and_time,amici2012modular,2012,patrick
physical,quantities_and_time,schmitt2013monkeys,2013,patrick
physical,quantities_and_time,rakoczy2014apes,2014,patrick
physical,quantities_and_time,heilbronner2008fruit,2008,pia
physical,quantities_and_time,haun2011great,2011,pia
physical,quantities_and_time,kanngiesser2011limits,2011,pia
physical,quantities_and_time,amici2012modular,2012,pia
physical,quantities_and_time,rakoczy2014apes,2014,pia
physical,quantities_and_time,suda2004piagetian,2004,pini
physical,quantities_and_time,suda2005piagetian,2005,pini
physical,quantities_and_time,suda2006what,2006,pini
physical,quantities_and_time,vlamings2006great,2006,pini
physical,quantities_and_time,amici2008fission,2008,pini
physical,quantities_and_time,martin2010keeping,2010,pini
physical,quantities_and_time,haun2011great,2011,pini
physical,quantities_and_time,kanngiesser2011limits,2011,pini
physical,quantities_and_time,martin2011memory,2011,pini
physical,quantities_and_time,amici2012modular,2012,pini
physical,quantities_and_time,cacchione2014apes,2014,pini
physical,quantities_and_time,rakoczy2014apes,2014,pini
physical,quantities_and_time,sanchez2016differences,2016,pini
physical,quantities_and_time,eckert2017great,2017,pini
physical,quantities_and_time,broihanne2019monkeys,2019,pini
physical,quantities_and_time,sanchez2019disentangling,2019,pini
physical,quantities_and_time,romain2021non,2021,pini
physical,quantities_and_time,amici2008fission,2008,raja
physical,quantities_and_time,kanngiesser2011limits,2011,raja
physical,quantities_and_time,amici2012modular,2012,raja
physical,quantities_and_time,cacchione2014apes,2014,raja
physical,quantities_and_time,rakoczy2014apes,2014,raja
physical,quantities_and_time,sanchez2016differences,2016,raja
physical,quantities_and_time,eckert2017great,2017,raja
physical,quantities_and_time,broihanne2019monkeys,2019,raja
physical,quantities_and_time,sanchez2019disentangling,2019,raja
physical,quantities_and_time,romain2021non,2021,raja
physical,quantities_and_time,kanngiesser2011limits,2011,riet
physical,quantities_and_time,amici2012modular,2012,riet
physical,quantities_and_time,schmitt2013monkeys,2013,riet
physical,quantities_and_time,rakoczy2014apes,2014,riet
physical,quantities_and_time,sanchez2016differences,2016,riet
physical,quantities_and_time,eckert2017great,2017,riet
physical,quantities_and_time,heilbronner2008fruit,2008,robert
physical,quantities_and_time,kanngiesser2011limits,2011,robert
physical,quantities_and_time,amici2012modular,2012,robert
physical,quantities_and_time,schmitt2013monkeys,2013,robert
physical,quantities_and_time,rakoczy2014apes,2014,robert
physical,quantities_and_time,sanchez2016differences,2016,robert
physical,quantities_and_time,eckert2017great,2017,robert
physical,quantities_and_time,sanchez2019disentangling,2019,robert
physical,quantities_and_time,vlamings2006great,2006,ruby_b'windi
physical,quantities_and_time,amici2012modular,2012,ruby_b'windi
physical,quantities_and_time,schmitt2013monkeys,2013,ruby_b'windi
physical,quantities_and_time,suda2004piagetian,2004,sandra
physical,quantities_and_time,suda2005piagetian,2005,sandra
physical,quantities_and_time,suda2006what,2006,sandra
physical,quantities_and_time,vlamings2006great,2006,sandra
physical,quantities_and_time,heilbronner2008fruit,2008,sandra
physical,quantities_and_time,uher2008great,2008,sandra
physical,quantities_and_time,haun2011great,2011,sandra
physical,quantities_and_time,kanngiesser2011limits,2011,sandra
physical,quantities_and_time,martin2011memory,2011,sandra
physical,quantities_and_time,amici2012modular,2012,sandra
physical,quantities_and_time,schmitt2013monkeys,2013,sandra
physical,quantities_and_time,rakoczy2014apes,2014,sandra
physical,quantities_and_time,sanchez2016differences,2016,sandra
physical,quantities_and_time,eckert2017great,2017,sandra
physical,quantities_and_time,sanchez2019disentangling,2019,sandra
physical,quantities_and_time,sanchez2016differences,2016,suaq
physical,quantities_and_time,eckert2017great,2017,suaq
physical,quantities_and_time,sanchez2019disentangling,2019,suaq
physical,quantities_and_time,kanngiesser2011limits,2011,swela
physical,quantities_and_time,rakoczy2014apes,2014,swela
physical,quantities_and_time,sanchez2016differences,2016,swela
physical,quantities_and_time,kanngiesser2011limits,2011,tai
physical,quantities_and_time,martin2011memory,2011,tai
physical,quantities_and_time,rakoczy2014apes,2014,tai
physical,quantities_and_time,sanchez2016differences,2016,tai
physical,quantities_and_time,eckert2017great,2017,tai
physical,quantities_and_time,sanchez2019disentangling,2019,tai
physical,quantities_and_time,kanngiesser2020children,2020,tai
physical,quantities_and_time,sanchez2016differences,2016,tanah
physical,quantities_and_time,sanchez2019disentangling,2019,tanah
physical,quantities_and_time,suda2004piagetian,2004,toba
physical,quantities_and_time,suda2005piagetian,2005,toba
physical,quantities_and_time,suda2006what,2006,toba
physical,quantities_and_time,vlamings2006great,2006,toba
physical,quantities_and_time,amici2012modular,2012,toba
physical,quantities_and_time,suda2004piagetian,2004,ulindi
physical,quantities_and_time,suda2005piagetian,2005,ulindi
physical,quantities_and_time,suda2006what,2006,ulindi
physical,quantities_and_time,vlamings2006great,2006,ulindi
physical,quantities_and_time,heilbronner2008fruit,2008,ulindi
physical,quantities_and_time,uher2008great,2008,ulindi
physical,quantities_and_time,kanngiesser2011limits,2011,ulindi
physical,quantities_and_time,martin2011memory,2011,ulindi
physical,quantities_and_time,amici2012modular,2012,ulindi
physical,quantities_and_time,schmitt2013monkeys,2013,ulindi
physical,quantities_and_time,cacchione2014apes,2014,ulindi
physical,quantities_and_time,rakoczy2014apes,2014,ulindi
physical,quantities_and_time,sanchez2016differences,2016,ulindi
physical,quantities_and_time,broihanne2019monkeys,2019,ulindi
physical,quantities_and_time,romain2021non,2021,ulindi
physical,quantities_and_time,suda2004piagetian,2004,ulla
physical,quantities_and_time,suda2005piagetian,2005,ulla
physical,quantities_and_time,suda2006what,2006,ulla
physical,quantities_and_time,kanngiesser2011limits,2011,ulla
physical,quantities_and_time,amici2012modular,2012,ulla
physical,quantities_and_time,rakoczy2014apes,2014,ulla
physical,quantities_and_time,sanchez2016differences,2016,ulla
physical,quantities_and_time,kanngiesser2011limits,2011,unyoro
physical,quantities_and_time,vlamings2006great,2006,viringika
physical,quantities_and_time,amici2008fission,2008,viringika
physical,quantities_and_time,uher2008great,2008,viringika
physical,quantities_and_time,haun2011great,2011,viringika
physical,quantities_and_time,kanngiesser2011limits,2011,viringika
physical,quantities_and_time,amici2012modular,2012,viringika
physical,quantities_and_time,schmitt2013monkeys,2013,viringika
physical,quantities_and_time,cacchione2014apes,2014,viringika
physical,quantities_and_time,rakoczy2014apes,2014,viringika
physical,quantities_and_time,sanchez2016differences,2016,viringika
physical,quantities_and_time,eckert2017great,2017,viringika
physical,quantities_and_time,broihanne2019monkeys,2019,viringika
physical,quantities_and_time,romain2021non,2021,viringika
physical,quantities_and_time,amici2012modular,2012,vizuri
physical,quantities_and_time,suda2004piagetian,2004,walter
physical,quantities_and_time,suda2005piagetian,2005,walter
physical,quantities_and_time,suda2006what,2006,walter
physical,quantities_and_time,vlamings2006great,2006,walter
physical,quantities_and_time,uher2008great,2008,walter
physical,quantities_and_time,amici2012modular,2012,walter
physical,quantities_and_time,heilbronner2008fruit,2008,yasa
physical,quantities_and_time,uher2008great,2008,yasa
physical,quantities_and_time,haun2011great,2011,yasa
physical,quantities_and_time,kanngiesser2011limits,2011,yasa
physical,quantities_and_time,martin2011memory,2011,yasa
physical,quantities_and_time,amici2012modular,2012,yasa
physical,quantities_and_time,schmitt2013monkeys,2013,yasa
physical,quantities_and_time,cacchione2014apes,2014,yasa
physical,quantities_and_time,rakoczy2014apes,2014,yasa
physical,quantities_and_time,sanchez2016differences,2016,yasa
physical,quantities_and_time,eckert2017great,2017,yasa
physical,quantities_and_time,broihanne2019monkeys,2019,yasa
physical,quantities_and_time,sanchez2019disentangling,2019,yasa
physical,quantities_and_time,kanngiesser2020children,2020,yasa
physical,quantities_and_time,romain2021non,2021,yasa
physical,quantities_and_time,rakoczy2014apes,2014,zola
physical,space_and_objects,cacchione2009gravity,2009,alex
physical,space_and_objects,haun2009great,2009,alex
physical,space_and_objects,hribar2011great,2011,alex
physical,space_and_objects,amici2012modular,2012,alex
physical,space_and_objects,volter2014younger,2014,alex
physical,space_and_objects,lewis2017non,2017,alex
physical,space_and_objects,cacchione2009gravity,2009,alexandra
physical,space_and_objects,haun2009great,2009,alexandra
physical,space_and_objects,hribar2011great,2011,alexandra
physical,space_and_objects,amici2012modular,2012,alexandra
physical,space_and_objects,lewis2017non,2017,alexandra
physical,space_and_objects,cacchione2009gravity,2009,annett
physical,space_and_objects,haun2009great,2009,annett
physical,space_and_objects,kanngiesser2010bonobos,2010,annett
physical,space_and_objects,hribar2011great,2011,annett
physical,space_and_objects,amici2012modular,2012,annett
physical,space_and_objects,many2019establishing,2019,bambari
physical,space_and_objects,call2004inferences,2004,bebe
physical,space_and_objects,barth2006tracking,2006,bebe
physical,space_and_objects,haun2006evolutionary,2006,bebe
physical,space_and_objects,amici2008fission,2008,bebe
physical,space_and_objects,cacchione2009gravity,2009,bebe
physical,space_and_objects,albiach2010great,2010,bebe
physical,space_and_objects,amici2010monkeys,2010,bebe
physical,space_and_objects,kanngiesser2010bonobos,2010,bebe
physical,space_and_objects,amici2012modular,2012,bebe
physical,space_and_objects,call2004inferences,2004,bimbo
physical,space_and_objects,barth2006tracking,2006,bimbo
physical,space_and_objects,haun2006evolutionary,2006,bimbo
physical,space_and_objects,scheumann2006sumatran,2006,bimbo
physical,space_and_objects,amici2008fission,2008,bimbo
physical,space_and_objects,cacchione2009gravity,2009,bimbo
physical,space_and_objects,haun2009great,2009,bimbo
physical,space_and_objects,albiach2010great,2010,bimbo
physical,space_and_objects,amici2010monkeys,2010,bimbo
physical,space_and_objects,kanngiesser2010bonobos,2010,bimbo
physical,space_and_objects,hribar2011great,2011,bimbo
physical,space_and_objects,martin2011memory,2011,bimbo
physical,space_and_objects,amici2012modular,2012,bimbo
physical,space_and_objects,lewis2017non,2017,bimbo
physical,space_and_objects,many2019establishing,2019,bimbo
physical,space_and_objects,haun2006evolutionary,2006,brent
physical,space_and_objects,amici2012modular,2012,brent
physical,space_and_objects,amici2010monkeys,2010,corry
physical,space_and_objects,kanngiesser2010bonobos,2010,corry
physical,space_and_objects,amici2012modular,2012,corry
physical,space_and_objects,lewis2017non,2017,corry
physical,space_and_objects,many2019establishing,2019,corry
physical,space_and_objects,lewis2017non,2017,daza
physical,space_and_objects,haun2006evolutionary,2006,dokana
physical,space_and_objects,amici2008fission,2008,dokana
physical,space_and_objects,cacchione2009gravity,2009,dokana
physical,space_and_objects,haun2009great,2009,dokana
physical,space_and_objects,albiach2010great,2010,dokana
physical,space_and_objects,amici2010monkeys,2010,dokana
physical,space_and_objects,kanngiesser2010bonobos,2010,dokana
physical,space_and_objects,hribar2011great,2011,dokana
physical,space_and_objects,martin2011memory,2011,dokana
physical,space_and_objects,amici2012modular,2012,dokana
physical,space_and_objects,lewis2017non,2017,dokana
physical,space_and_objects,many2019establishing,2019,dokana
physical,space_and_objects,call2004inferences,2004,dorien
physical,space_and_objects,barth2006tracking,2006,dorien
physical,space_and_objects,haun2006evolutionary,2006,dorien
physical,space_and_objects,haun2009great,2009,dorien
physical,space_and_objects,albiach2010great,2010,dorien
physical,space_and_objects,amici2010monkeys,2010,dorien
physical,space_and_objects,kanngiesser2010bonobos,2010,dorien
physical,space_and_objects,amici2012modular,2012,dorien
physical,space_and_objects,lewis2017non,2017,dorien
physical,space_and_objects,many2019establishing,2019,dorien
physical,space_and_objects,volter2019chimpanzees,2019,dorien
physical,space_and_objects,call2004inferences,2004,dunja
physical,space_and_objects,barth2006tracking,2006,dunja
physical,space_and_objects,haun2006evolutionary,2006,dunja
physical,space_and_objects,scheumann2006sumatran,2006,dunja
physical,space_and_objects,amici2008fission,2008,dunja
physical,space_and_objects,cacchione2009gravity,2009,dunja
physical,space_and_objects,albiach2010great,2010,dunja
physical,space_and_objects,amici2010monkeys,2010,dunja
physical,space_and_objects,kanngiesser2010bonobos,2010,dunja
physical,space_and_objects,hribar2011great,2011,dunja
physical,space_and_objects,amici2012modular,2012,dunja
physical,space_and_objects,call2004inferences,2004,fifi
physical,space_and_objects,barth2006tracking,2006,fifi
physical,space_and_objects,haun2006evolutionary,2006,fifi
physical,space_and_objects,cacchione2009gravity,2009,fifi
physical,space_and_objects,haun2009great,2009,fifi
physical,space_and_objects,albiach2010great,2010,fifi
physical,space_and_objects,kanngiesser2010bonobos,2010,fifi
physical,space_and_objects,hribar2011great,2011,fifi
physical,space_and_objects,amici2012modular,2012,fifi
physical,space_and_objects,volter2014younger,2014,fifi
physical,space_and_objects,lewis2017non,2017,fimi
physical,space_and_objects,call2004inferences,2004,fraukje
physical,space_and_objects,barth2006tracking,2006,fraukje
physical,space_and_objects,haun2006evolutionary,2006,fraukje
physical,space_and_objects,haun2009great,2009,fraukje
physical,space_and_objects,albiach2010great,2010,fraukje
physical,space_and_objects,amici2010monkeys,2010,fraukje
physical,space_and_objects,kanngiesser2010bonobos,2010,fraukje
physical,space_and_objects,amici2012modular,2012,fraukje
physical,space_and_objects,lewis2017non,2017,fraukje
physical,space_and_objects,many2019establishing,2019,fraukje
physical,space_and_objects,volter2019chimpanzees,2019,fraukje
physical,space_and_objects,lewis2017non,2017,frederike
physical,space_and_objects,call2004inferences,2004,frodo
physical,space_and_objects,barth2006tracking,2006,frodo
physical,space_and_objects,haun2006evolutionary,2006,frodo
physical,space_and_objects,albiach2010great,2010,frodo
physical,space_and_objects,kanngiesser2010bonobos,2010,frodo
physical,space_and_objects,martin2011memory,2011,frodo
physical,space_and_objects,amici2012modular,2012,frodo
physical,space_and_objects,lewis2017non,2017,frodo
physical,space_and_objects,many2019establishing,2019,frodo
physical,space_and_objects,volter2019chimpanzees,2019,frodo
physical,space_and_objects,lewis2017non,2017,gemena
physical,space_and_objects,call2004inferences,2004,gertrudia
physical,space_and_objects,barth2006tracking,2006,gertrudia
physical,space_and_objects,haun2006evolutionary,2006,gertrudia
physical,space_and_objects,cacchione2009gravity,2009,gertrudia
physical,space_and_objects,haun2009great,2009,gertrudia
physical,space_and_objects,albiach2010great,2010,gertrudia
physical,space_and_objects,kanngiesser2010bonobos,2010,gertrudia
physical,space_and_objects,hribar2011great,2011,gertrudia
physical,space_and_objects,martin2011memory,2011,gertrudia
physical,space_and_objects,amici2012modular,2012,gertrudia
physical,space_and_objects,call2004inferences,2004,gorgo
physical,space_and_objects,haun2006evolutionary,2006,gorgo
physical,space_and_objects,amici2008fission,2008,gorgo
physical,space_and_objects,cacchione2009gravity,2009,gorgo
physical,space_and_objects,amici2010monkeys,2010,gorgo
physical,space_and_objects,amici2012modular,2012,gorgo
physical,space_and_objects,call2004inferences,2004,jahaga
physical,space_and_objects,barth2006tracking,2006,jahaga
physical,space_and_objects,haun2006evolutionary,2006,jahaga
physical,space_and_objects,cacchione2009gravity,2009,jahaga
physical,space_and_objects,haun2009great,2009,jahaga
physical,space_and_objects,albiach2010great,2010,jahaga
physical,space_and_objects,kanngiesser2010bonobos,2010,jahaga
physical,space_and_objects,hribar2011great,2011,jahaga
physical,space_and_objects,amici2012modular,2012,jahaga
physical,space_and_objects,lewis2017non,2017,jahaga
physical,space_and_objects,lewis2017non,2017,jasongo
physical,space_and_objects,lewis2017non,2017,jeudi
physical,space_and_objects,call2004inferences,2004,joey
physical,space_and_objects,barth2006tracking,2006,joey
physical,space_and_objects,haun2006evolutionary,2006,joey
physical,space_and_objects,cacchione2009gravity,2009,joey
physical,space_and_objects,haun2009great,2009,joey
physical,space_and_objects,albiach2010great,2010,joey
physical,space_and_objects,amici2010monkeys,2010,joey
physical,space_and_objects,kanngiesser2010bonobos,2010,joey
physical,space_and_objects,poti2010searching,2010,joey
physical,space_and_objects,hribar2011great,2011,joey
physical,space_and_objects,martin2011memory,2011,joey
physical,space_and_objects,amici2012modular,2012,joey
physical,space_and_objects,lewis2017non,2017,joey
physical,space_and_objects,lewis2017non,2017,kara
physical,space_and_objects,amici2008fission,2008,kibara
physical,space_and_objects,amici2010monkeys,2010,kibara
physical,space_and_objects,kanngiesser2010bonobos,2010,kibara
physical,space_and_objects,amici2012modular,2012,kibara
physical,space_and_objects,volter2014younger,2014,kibara
physical,space_and_objects,amici2008fission,2008,kila
physical,space_and_objects,amici2010monkeys,2010,kila
physical,space_and_objects,kanngiesser2010bonobos,2010,kila
physical,space_and_objects,hribar2011great,2011,kila
physical,space_and_objects,amici2012modular,2012,kila
physical,space_and_objects,volter2014younger,2014,kila
physical,space_and_objects,volter2014younger,2014,kofi
physical,space_and_objects,volter2019chimpanzees,2019,kofi
physical,space_and_objects,call2004inferences,2004,kuno
physical,space_and_objects,barth2006tracking,2006,kuno
physical,space_and_objects,haun2006evolutionary,2006,kuno
physical,space_and_objects,cacchione2009gravity,2009,kuno
physical,space_and_objects,haun2009great,2009,kuno
physical,space_and_objects,albiach2010great,2010,kuno
physical,space_and_objects,amici2010monkeys,2010,kuno
physical,space_and_objects,kanngiesser2010bonobos,2010,kuno
physical,space_and_objects,poti2010searching,2010,kuno
physical,space_and_objects,hribar2011great,2011,kuno
physical,space_and_objects,martin2011memory,2011,kuno
physical,space_and_objects,amici2012modular,2012,kuno
physical,space_and_objects,volter2014younger,2014,kuno
physical,space_and_objects,lewis2017non,2017,lexi
physical,space_and_objects,call2004inferences,2004,limbuko
physical,space_and_objects,barth2006tracking,2006,limbuko
physical,space_and_objects,haun2006evolutionary,2006,limbuko
physical,space_and_objects,cacchione2009gravity,2009,limbuko
physical,space_and_objects,haun2009great,2009,limbuko
physical,space_and_objects,albiach2010great,2010,limbuko
physical,space_and_objects,amici2010monkeys,2010,limbuko
physical,space_and_objects,kanngiesser2010bonobos,2010,limbuko
physical,space_and_objects,poti2010searching,2010,limbuko
physical,space_and_objects,hribar2011great,2011,limbuko
physical,space_and_objects,martin2011memory,2011,limbuko
physical,space_and_objects,amici2012modular,2012,limbuko
physical,space_and_objects,lewis2017non,2017,lobo
physical,space_and_objects,many2019establishing,2019,lobo
physical,space_and_objects,volter2019chimpanzees,2019,lobo
physical,space_and_objects,amici2010monkeys,2010,lome
physical,space_and_objects,kanngiesser2010bonobos,2010,lome
physical,space_and_objects,amici2012modular,2012,lome
physical,space_and_objects,lewis2017non,2017,lome
physical,space_and_objects,many2019establishing,2019,lome
physical,space_and_objects,volter2019chimpanzees,2019,lome
physical,space_and_objects,hribar2011great,2011,luiza
physical,space_and_objects,lewis2017non,2017,luiza
physical,space_and_objects,call2004inferences,2004,natascha
physical,space_and_objects,haun2006evolutionary,2006,natascha
physical,space_and_objects,kanngiesser2010bonobos,2010,natascha
physical,space_and_objects,amici2012modular,2012,natascha
physical,space_and_objects,lewis2017non,2017,natascha
physical,space_and_objects,many2019establishing,2019,natascha
physical,space_and_objects,call2004inferences,2004,n’diki
physical,space_and_objects,barth2006tracking,2006,n’diki
physical,space_and_objects,haun2006evolutionary,2006,n’diki
physical,space_and_objects,cacchione2009gravity,2009,n’diki
physical,space_and_objects,haun2009great,2009,n’diki
physical,space_and_objects,albiach2010great,2010,n’diki
physical,space_and_objects,amici2012modular,2012,n’diki
physical,space_and_objects,call2004inferences,2004,n’kwango
physical,space_and_objects,barth2006tracking,2006,n’kwango
physical,space_and_objects,albiach2010great,2010,n’kwango
physical,space_and_objects,amici2012modular,2012,n’kwango
physical,space_and_objects,call2004inferences,2004,padana
physical,space_and_objects,barth2006tracking,2006,padana
physical,space_and_objects,haun2006evolutionary,2006,padana
physical,space_and_objects,scheumann2006sumatran,2006,padana
physical,space_and_objects,amici2008fission,2008,padana
physical,space_and_objects,cacchione2009gravity,2009,padana
physical,space_and_objects,haun2009great,2009,padana
physical,space_and_objects,albiach2010great,2010,padana
physical,space_and_objects,amici2010monkeys,2010,padana
physical,space_and_objects,kanngiesser2010bonobos,2010,padana
physical,space_and_objects,hribar2011great,2011,padana
physical,space_and_objects,martin2011memory,2011,padana
physical,space_and_objects,amici2012modular,2012,padana
physical,space_and_objects,lewis2017non,2017,padana
physical,space_and_objects,many2019establishing,2019,padana
physical,space_and_objects,amici2008fission,2008,pagai
physical,space_and_objects,amici2010monkeys,2010,pagai
physical,space_and_objects,amici2012modular,2012,pagai
physical,space_and_objects,call2004inferences,2004,patrick
physical,space_and_objects,haun2006evolutionary,2006,patrick
physical,space_and_objects,haun2009great,2009,patrick
physical,space_and_objects,kanngiesser2010bonobos,2010,patrick
physical,space_and_objects,martin2011memory,2011,patrick
physical,space_and_objects,amici2012modular,2012,patrick
physical,space_and_objects,haun2009great,2009,pia
physical,space_and_objects,kanngiesser2010bonobos,2010,pia
physical,space_and_objects,amici2012modular,2012,pia
physical,space_and_objects,volter2014younger,2014,pia
physical,space_and_objects,call2004inferences,2004,pini
physical,space_and_objects,barth2006tracking,2006,pini
physical,space_and_objects,haun2006evolutionary,2006,pini
physical,space_and_objects,scheumann2006sumatran,2006,pini
physical,space_and_objects,amici2008fission,2008,pini
physical,space_and_objects,cacchione2009gravity,2009,pini
physical,space_and_objects,haun2009great,2009,pini
physical,space_and_objects,albiach2010great,2010,pini
physical,space_and_objects,amici2010monkeys,2010,pini
physical,space_and_objects,kanngiesser2010bonobos,2010,pini
physical,space_and_objects,hribar2011great,2011,pini
physical,space_and_objects,martin2011memory,2011,pini
physical,space_and_objects,amici2012modular,2012,pini
physical,space_and_objects,volter2014younger,2014,pini
physical,space_and_objects,lewis2017non,2017,pini
physical,space_and_objects,many2019establishing,2019,pini
physical,space_and_objects,amici2008fission,2008,raja
physical,space_and_objects,amici2010monkeys,2010,raja
physical,space_and_objects,hribar2011great,2011,raja
physical,space_and_objects,amici2012modular,2012,raja
physical,space_and_objects,lewis2017non,2017,raja
physical,space_and_objects,many2019establishing,2019,raja
physical,space_and_objects,call2004inferences,2004,riet
physical,space_and_objects,barth2006tracking,2006,riet
physical,space_and_objects,haun2009great,2009,riet
physical,space_and_objects,albiach2010great,2010,riet
physical,space_and_objects,amici2010monkeys,2010,riet
physical,space_and_objects,kanngiesser2010bonobos,2010,riet
physical,space_and_objects,amici2012modular,2012,riet
physical,space_and_objects,volter2014younger,2014,riet
physical,space_and_objects,lewis2017non,2017,riet
physical,space_and_objects,many2019establishing,2019,riet
physical,space_and_objects,volter2019chimpanzees,2019,riet
physical,space_and_objects,call2004inferences,2004,robert
physical,space_and_objects,haun2006evolutionary,2006,robert
physical,space_and_objects,haun2009great,2009,robert
physical,space_and_objects,amici2010monkeys,2010,robert
physical,space_and_objects,kanngiesser2010bonobos,2010,robert
physical,space_and_objects,amici2012modular,2012,robert
physical,space_and_objects,volter2014younger,2014,robert
physical,space_and_objects,many2019establishing,2019,robert
physical,space_and_objects,volter2019chimpanzees,2019,robert
physical,space_and_objects,call2004inferences,2004,ruby_b'windi
physical,space_and_objects,barth2006tracking,2006,ruby_b'windi
physical,space_and_objects,haun2006evolutionary,2006,ruby_b'windi
physical,space_and_objects,cacchione2009gravity,2009,ruby_b'windi
physical,space_and_objects,albiach2010great,2010,ruby_b'windi
physical,space_and_objects,amici2012modular,2012,ruby_b'windi
physical,space_and_objects,call2004inferences,2004,sandra
physical,space_and_objects,barth2006tracking,2006,sandra
physical,space_and_objects,haun2006evolutionary,2006,sandra
physical,space_and_objects,haun2009great,2009,sandra
physical,space_and_objects,albiach2010great,2010,sandra
physical,space_and_objects,amici2010monkeys,2010,sandra
physical,space_and_objects,kanngiesser2010bonobos,2010,sandra
physical,space_and_objects,martin2011memory,2011,sandra
physical,space_and_objects,amici2012modular,2012,sandra
physical,space_and_objects,volter2014younger,2014,sandra
physical,space_and_objects,lewis2017non,2017,sandra
physical,space_and_objects,many2019establishing,2019,sandra
physical,space_and_objects,volter2019chimpanzees,2019,sandra
physical,space_and_objects,lewis2017non,2017,suaq
physical,space_and_objects,lewis2017non,2017,swela
physical,space_and_objects,kanngiesser2010bonobos,2010,tai
physical,space_and_objects,martin2011memory,2011,tai
physical,space_and_objects,lewis2017non,2017,tai
physical,space_and_objects,many2019establishing,2019,tai
physical,space_and_objects,lewis2017non,2017,tanah
physical,space_and_objects,call2004inferences,2004,toba
physical,space_and_objects,barth2006tracking,2006,toba
physical,space_and_objects,scheumann2006sumatran,2006,toba
physical,space_and_objects,cacchione2009gravity,2009,toba
physical,space_and_objects,albiach2010great,2010,toba
physical,space_and_objects,amici2012modular,2012,toba
physical,space_and_objects,call2004inferences,2004,ulindi
physical,space_and_objects,barth2006tracking,2006,ulindi
physical,space_and_objects,haun2006evolutionary,2006,ulindi
physical,space_and_objects,cacchione2009gravity,2009,ulindi
physical,space_and_objects,haun2009great,2009,ulindi
physical,space_and_objects,albiach2010great,2010,ulindi
physical,space_and_objects,amici2010monkeys,2010,ulindi
physical,space_and_objects,kanngiesser2010bonobos,2010,ulindi
physical,space_and_objects,poti2010searching,2010,ulindi
physical,space_and_objects,hribar2011great,2011,ulindi
physical,space_and_objects,martin2011memory,2011,ulindi
physical,space_and_objects,amici2012modular,2012,ulindi
physical,space_and_objects,volter2014younger,2014,ulindi
physical,space_and_objects,call2004inferences,2004,ulla
physical,space_and_objects,kanngiesser2010bonobos,2010,ulla
physical,space_and_objects,amici2012modular,2012,ulla
physical,space_and_objects,lewis2017non,2017,ulla
physical,space_and_objects,haun2009great,2009,unyoro
physical,space_and_objects,call2004inferences,2004,vimoto
physical,space_and_objects,call2004inferences,2004,viringika
physical,space_and_objects,amici2008fission,2008,viringika
physical,space_and_objects,cacchione2009gravity,2009,viringika
physical,space_and_objects,haun2009great,2009,viringika
physical,space_and_objects,albiach2010great,2010,viringika
physical,space_and_objects,amici2010monkeys,2010,viringika
physical,space_and_objects,kanngiesser2010bonobos,2010,viringika
physical,space_and_objects,amici2012modular,2012,viringika
physical,space_and_objects,call2004inferences,2004,vizuri
physical,space_and_objects,amici2012modular,2012,vizuri
physical,space_and_objects,call2004inferences,2004,walter
physical,space_and_objects,barth2006tracking,2006,walter
physical,space_and_objects,scheumann2006sumatran,2006,walter
physical,space_and_objects,cacchione2009gravity,2009,walter
physical,space_and_objects,albiach2010great,2010,walter
physical,space_and_objects,amici2012modular,2012,walter
physical,space_and_objects,haun2006evolutionary,2006,yasa
physical,space_and_objects,cacchione2009gravity,2009,yasa
physical,space_and_objects,haun2009great,2009,yasa
physical,space_and_objects,albiach2010great,2010,yasa
physical,space_and_objects,amici2010monkeys,2010,yasa
physical,space_and_objects,kanngiesser2010bonobos,2010,yasa
physical,space_and_objects,poti2010searching,2010,yasa
physical,space_and_objects,hribar2011great,2011,yasa
physical,space_and_objects,martin2011memory,2011,yasa
physical,space_and_objects,amici2012modular,2012,yasa
physical,space_and_objects,lewis2017non,2017,yasa
physical,space_and_objects,cacchione2009gravity,2009,zora
physical,tools_and_causality,volter2014great,2014,abeeku
physical,tools_and_causality,manrique2015age,2015,abeeku
physical,tools_and_causality,ebel2021prior,2021,abeeku
physical,tools_and_causality,cacchione2009gravity,2009,alex
physical,tools_and_causality,hanus2011comparing,2011,alex
physical,tools_and_causality,manrique2011spontaneous,2011,alex
physical,tools_and_causality,albiach2012apes,2012,alex
physical,tools_and_causality,amici2012modular,2012,alex
physical,tools_and_causality,sabbatini2012understanding,2012,alex
physical,tools_and_causality,volter2012problem,2012,alex
physical,tools_and_causality,allritz2013food,2013,alex
physical,tools_and_causality,manrique2013repeated,2013,alex
physical,tools_and_causality,martin2013memory,2013,alex
physical,tools_and_causality,albiach2014reversed,2014,alex
physical,tools_and_causality,bourjade2014bonobos,2014,alex
physical,tools_and_causality,volter2014cognitive,2014,alex
physical,tools_and_causality,volter2014great,2014,alex
physical,tools_and_causality,albiach2015comparing,2015,alex
physical,tools_and_causality,brauer2015apes,2015,alex
physical,tools_and_causality,manrique2015age,2015,alex
physical,tools_and_causality,volter2016great,2016,alex
physical,tools_and_causality,volter2018intuitive,2018,alex
physical,tools_and_causality,ebel2019innovative,2019,alex
physical,tools_and_causality,tennie2019chimpanzees,2019,alex
physical,tools_and_causality,ebel2021prior,2021,alex
physical,tools_and_causality,cacchione2009gravity,2009,alexandra
physical,tools_and_causality,hanus2011comparing,2011,alexandra
physical,tools_and_causality,manrique2011spontaneous,2011,alexandra
physical,tools_and_causality,albiach2012apes,2012,alexandra
physical,tools_and_causality,amici2012modular,2012,alexandra
physical,tools_and_causality,sabbatini2012understanding,2012,alexandra
physical,tools_and_causality,volter2012problem,2012,alexandra
physical,tools_and_causality,allritz2013food,2013,alexandra
physical,tools_and_causality,manrique2013repeated,2013,alexandra
physical,tools_and_causality,albiach2014reversed,2014,alexandra
physical,tools_and_causality,bourjade2014bonobos,2014,alexandra
physical,tools_and_causality,volter2014cognitive,2014,alexandra
physical,tools_and_causality,volter2014great,2014,alexandra
physical,tools_and_causality,albiach2015comparing,2015,alexandra
physical,tools_and_causality,brauer2015apes,2015,alexandra
physical,tools_and_causality,manrique2015age,2015,alexandra
physical,tools_and_causality,volter2016great,2016,alexandra
physical,tools_and_causality,volter2018intuitive,2018,alexandra
physical,tools_and_causality,ebel2019innovative,2019,alexandra
physical,tools_and_causality,tennie2019chimpanzees,2019,alexandra
physical,tools_and_causality,cacchione2009gravity,2009,annett
physical,tools_and_causality,hanus2011comparing,2011,annett
physical,tools_and_causality,albiach2012apes,2012,annett
physical,tools_and_causality,amici2012modular,2012,annett
physical,tools_and_causality,sabbatini2012understanding,2012,annett
physical,tools_and_causality,volter2012problem,2012,annett
physical,tools_and_causality,allritz2013food,2013,annett
physical,tools_and_causality,martin2013memory,2013,annett
physical,tools_and_causality,albiach2014reversed,2014,annett
physical,tools_and_causality,volter2014cognitive,2014,annett
physical,tools_and_causality,volter2014great,2014,annett
physical,tools_and_causality,albiach2015comparing,2015,annett
physical,tools_and_causality,brauer2015apes,2015,annett
physical,tools_and_causality,manrique2015age,2015,annett
physical,tools_and_causality,volter2016great,2016,annett
physical,tools_and_causality,volter2018intuitive,2018,annett
physical,tools_and_causality,ebel2021prior,2021,bambari
physical,tools_and_causality,ebel2021prior,2021,bangolo
physical,tools_and_causality,forss2016cognitive,2016,batak
physical,tools_and_causality,ebel2021prior,2021,batak
physical,tools_and_causality,call2004inferences,2004,bebe
physical,tools_and_causality,cacchione2009gravity,2009,bebe
physical,tools_and_causality,amici2010monkeys,2010,bebe
physical,tools_and_causality,hanus2011comparing,2011,bebe
physical,tools_and_causality,albiach2012apes,2012,bebe
physical,tools_and_causality,amici2012modular,2012,bebe
physical,tools_and_causality,allritz2013food,2013,bebe
physical,tools_and_causality,call2004inferences,2004,bimbo
physical,tools_and_causality,martin2008tubes,2008,bimbo
physical,tools_and_causality,cacchione2009gravity,2009,bimbo
physical,tools_and_causality,amici2010monkeys,2010,bimbo
physical,tools_and_causality,manrique2010great,2010,bimbo
physical,tools_and_causality,manrique2011spontaneous,2011,bimbo
physical,tools_and_causality,albiach2012apes,2012,bimbo
physical,tools_and_causality,amici2012modular,2012,bimbo
physical,tools_and_causality,volter2012problem,2012,bimbo
physical,tools_and_causality,allritz2013food,2013,bimbo
physical,tools_and_causality,manrique2013repeated,2013,bimbo
physical,tools_and_causality,martin2013memory,2013,bimbo
physical,tools_and_causality,bourjade2014bonobos,2014,bimbo
physical,tools_and_causality,volter2014cognitive,2014,bimbo
physical,tools_and_causality,volter2014great,2014,bimbo
physical,tools_and_causality,albiach2015comparing,2015,bimbo
physical,tools_and_causality,brauer2015apes,2015,bimbo
physical,tools_and_causality,volter2016great,2016,bimbo
physical,tools_and_causality,laumer2018spontaneous,2018,bimbo
physical,tools_and_causality,volter2018intuitive,2018,bimbo
physical,tools_and_causality,laumer2019orangutans,2019,bimbo
physical,tools_and_causality,ebel2021prior,2021,bimbo
physical,tools_and_causality,amici2012modular,2012,brent
physical,tools_and_causality,manrique2015age,2015,brigitta
physical,tools_and_causality,brauer2006making,2006,corry
physical,tools_and_causality,amici2010monkeys,2010,corry
physical,tools_and_causality,hanus2011comparing,2011,corry
physical,tools_and_causality,amici2012modular,2012,corry
physical,tools_and_causality,seed2012chimpanzee,2012,corry
physical,tools_and_causality,volter2012problem,2012,corry
physical,tools_and_causality,allritz2013food,2013,corry
physical,tools_and_causality,martin2013memory,2013,corry
physical,tools_and_causality,albiach2014reversed,2014,corry
physical,tools_and_causality,volter2014cognitive,2014,corry
physical,tools_and_causality,albiach2015comparing,2015,corry
physical,tools_and_causality,manrique2015age,2015,corry
physical,tools_and_causality,ebel2019innovative,2019,corry
physical,tools_and_causality,tennie2019chimpanzees,2019,corry
physical,tools_and_causality,manrique2015age,2015,daza
physical,tools_and_causality,volter2018intuitive,2018,daza
physical,tools_and_causality,ebel2019innovative,2019,daza
physical,tools_and_causality,ebel2021prior,2021,daza
physical,tools_and_causality,martin2008tubes,2008,dokana
physical,tools_and_causality,cacchione2009gravity,2009,dokana
physical,tools_and_causality,martin2009assessing,2009,dokana
physical,tools_and_causality,amici2010monkeys,2010,dokana
physical,tools_and_causality,manrique2010great,2010,dokana
physical,tools_and_causality,manrique2011spontaneous,2011,dokana
physical,tools_and_causality,albiach2012apes,2012,dokana
physical,tools_and_causality,amici2012modular,2012,dokana
physical,tools_and_causality,volter2012problem,2012,dokana
physical,tools_and_causality,allritz2013food,2013,dokana
physical,tools_and_causality,manrique2013repeated,2013,dokana
physical,tools_and_causality,martin2013memory,2013,dokana
physical,tools_and_causality,bourjade2014bonobos,2014,dokana
physical,tools_and_causality,volter2014cognitive,2014,dokana
physical,tools_and_causality,volter2014great,2014,dokana
physical,tools_and_causality,albiach2015comparing,2015,dokana
physical,tools_and_causality,brauer2015apes,2015,dokana
physical,tools_and_causality,manrique2015age,2015,dokana
physical,tools_and_causality,forss2016cognitive,2016,dokana
physical,tools_and_causality,volter2016great,2016,dokana
physical,tools_and_causality,laumer2018spontaneous,2018,dokana
physical,tools_and_causality,volter2018intuitive,2018,dokana
physical,tools_and_causality,ebel2019innovative,2019,dokana
physical,tools_and_causality,laumer2019orangutans,2019,dokana
physical,tools_and_causality,bandini2021individually,2021,dokana
physical,tools_and_causality,ebel2021prior,2021,dokana
physical,tools_and_causality,call2004inferences,2004,dorien
physical,tools_and_causality,brauer2006making,2006,dorien
physical,tools_and_causality,amici2010monkeys,2010,dorien
physical,tools_and_causality,hanus2011chimpanzee,2011,dorien
physical,tools_and_causality,hanus2011comparing,2011,dorien
physical,tools_and_causality,amici2012modular,2012,dorien
physical,tools_and_causality,seed2012chimpanzee,2012,dorien
physical,tools_and_causality,volter2012problem,2012,dorien
physical,tools_and_causality,martin2013memory,2013,dorien
physical,tools_and_causality,albiach2014reversed,2014,dorien
physical,tools_and_causality,volter2014cognitive,2014,dorien
physical,tools_and_causality,volter2014great,2014,dorien
physical,tools_and_causality,manrique2015age,2015,dorien
physical,tools_and_causality,volter2016great,2016,dorien
physical,tools_and_causality,volter2018intuitive,2018,dorien
physical,tools_and_causality,ebel2021prior,2021,dorien
physical,tools_and_causality,call2004inferences,2004,dunja
physical,tools_and_causality,martin2008tubes,2008,dunja
physical,tools_and_causality,cacchione2009gravity,2009,dunja
physical,tools_and_causality,amici2010monkeys,2010,dunja
physical,tools_and_causality,manrique2010great,2010,dunja
physical,tools_and_causality,manrique2011spontaneous,2011,dunja
physical,tools_and_causality,albiach2012apes,2012,dunja
physical,tools_and_causality,amici2012modular,2012,dunja
physical,tools_and_causality,manrique2013repeated,2013,dunja
physical,tools_and_causality,albiach2015comparing,2015,dunja
physical,tools_and_causality,brauer2015apes,2015,dunja
physical,tools_and_causality,bandini2021individually,2021,dunja
physical,tools_and_causality,call2004inferences,2004,fifi
physical,tools_and_causality,brauer2006making,2006,fifi
physical,tools_and_causality,martin2008tubes,2008,fifi
physical,tools_and_causality,cacchione2009gravity,2009,fifi
physical,tools_and_causality,martin2009assessing,2009,fifi
physical,tools_and_causality,manrique2010great,2010,fifi
physical,tools_and_causality,hanus2011comparing,2011,fifi
physical,tools_and_causality,manrique2011spontaneous,2011,fifi
physical,tools_and_causality,albiach2012apes,2012,fifi
physical,tools_and_causality,amici2012modular,2012,fifi
physical,tools_and_causality,sabbatini2012understanding,2012,fifi
physical,tools_and_causality,volter2012problem,2012,fifi
physical,tools_and_causality,allritz2013food,2013,fifi
physical,tools_and_causality,manrique2013repeated,2013,fifi
physical,tools_and_causality,martin2013memory,2013,fifi
physical,tools_and_causality,albiach2014reversed,2014,fifi
physical,tools_and_causality,volter2014cognitive,2014,fifi
physical,tools_and_causality,volter2014great,2014,fifi
physical,tools_and_causality,albiach2015comparing,2015,fifi
physical,tools_and_causality,brauer2015apes,2015,fifi
physical,tools_and_causality,manrique2015age,2015,fifi
physical,tools_and_causality,volter2016great,2016,fifi
physical,tools_and_causality,tennie2019chimpanzees,2019,fifi
physical,tools_and_causality,manrique2015age,2015,fimi
physical,tools_and_causality,volter2016great,2016,fimi
physical,tools_and_causality,volter2018intuitive,2018,fimi
physical,tools_and_causality,ebel2019innovative,2019,fimi
physical,tools_and_causality,ebel2021prior,2021,fimi
physical,tools_and_causality,call2004inferences,2004,fraukje
physical,tools_and_causality,brauer2006making,2006,fraukje
physical,tools_and_causality,martin2008tubes,2008,fraukje
physical,tools_and_causality,amici2010monkeys,2010,fraukje
physical,tools_and_causality,manrique2010great,2010,fraukje
physical,tools_and_causality,hanus2011chimpanzee,2011,fraukje
physical,tools_and_causality,hanus2011comparing,2011,fraukje
physical,tools_and_causality,albiach2012apes,2012,fraukje
physical,tools_and_causality,amici2012modular,2012,fraukje
physical,tools_and_causality,seed2012chimpanzee,2012,fraukje
physical,tools_and_causality,volter2012problem,2012,fraukje
physical,tools_and_causality,martin2013memory,2013,fraukje
physical,tools_and_causality,albiach2014reversed,2014,fraukje
physical,tools_and_causality,volter2014cognitive,2014,fraukje
physical,tools_and_causality,volter2014great,2014,fraukje
physical,tools_and_causality,albiach2015comparing,2015,fraukje
physical,tools_and_causality,manrique2015age,2015,fraukje
physical,tools_and_causality,volter2016great,2016,fraukje
physical,tools_and_causality,volter2018intuitive,2018,fraukje
physical,tools_and_causality,ebel2019innovative,2019,fraukje
physical,tools_and_causality,tennie2019chimpanzees,2019,fraukje
physical,tools_and_causality,ebel2021prior,2021,fraukje
physical,tools_and_causality,manrique2015age,2015,frederike
physical,tools_and_causality,volter2018intuitive,2018,frederike
physical,tools_and_causality,ebel2019innovative,2019,frederike
physical,tools_and_causality,ebel2021prior,2021,frederike
physical,tools_and_causality,call2004inferences,2004,frodo
physical,tools_and_causality,brauer2006making,2006,frodo
physical,tools_and_causality,manrique2010great,2010,frodo
physical,tools_and_causality,hanus2011chimpanzee,2011,frodo
physical,tools_and_causality,hanus2011comparing,2011,frodo
physical,tools_and_causality,amici2012modular,2012,frodo
physical,tools_and_causality,seed2012chimpanzee,2012,frodo
physical,tools_and_causality,volter2012problem,2012,frodo
physical,tools_and_causality,allritz2013food,2013,frodo
physical,tools_and_causality,martin2013memory,2013,frodo
physical,tools_and_causality,albiach2014reversed,2014,frodo
physical,tools_and_causality,volter2014cognitive,2014,frodo
physical,tools_and_causality,volter2014great,2014,frodo
physical,tools_and_causality,manrique2015age,2015,frodo
physical,tools_and_causality,volter2016great,2016,frodo
physical,tools_and_causality,volter2018intuitive,2018,frodo
physical,tools_and_causality,ebel2019innovative,2019,frodo
physical,tools_and_causality,tennie2019chimpanzees,2019,frodo
physical,tools_and_causality,ebel2021prior,2021,frodo
physical,tools_and_causality,manrique2015age,2015,gemena
physical,tools_and_causality,volter2016great,2016,gemena
physical,tools_and_causality,volter2018intuitive,2018,gemena
physical,tools_and_causality,ebel2019innovative,2019,gemena
physical,tools_and_causality,ebel2021prior,2021,gemena
physical,tools_and_causality,call2004inferences,2004,gertrudia
physical,tools_and_causality,brauer2006making,2006,gertrudia
physical,tools_and_causality,martin2008tubes,2008,gertrudia
physical,tools_and_causality,cacchione2009gravity,2009,gertrudia
physical,tools_and_causality,manrique2010great,2010,gertrudia
physical,tools_and_causality,hanus2011comparing,2011,gertrudia
physical,tools_and_causality,manrique2011spontaneous,2011,gertrudia
physical,tools_and_causality,amici2012modular,2012,gertrudia
physical,tools_and_causality,volter2012problem,2012,gertrudia
physical,tools_and_causality,allritz2013food,2013,gertrudia
physical,tools_and_causality,manrique2013repeated,2013,gertrudia
physical,tools_and_causality,martin2013memory,2013,gertrudia
physical,tools_and_causality,albiach2014reversed,2014,gertrudia
physical,tools_and_causality,bourjade2014bonobos,2014,gertrudia
physical,tools_and_causality,volter2014cognitive,2014,gertrudia
physical,tools_and_causality,volter2014great,2014,gertrudia
physical,tools_and_causality,brauer2015apes,2015,gertrudia
physical,tools_and_causality,manrique2015age,2015,gertrudia
physical,tools_and_causality,volter2016great,2016,gertrudia
physical,tools_and_causality,tennie2019chimpanzees,2019,gertrudia
physical,tools_and_causality,call2004inferences,2004,gorgo
physical,tools_and_causality,martin2008tubes,2008,gorgo
physical,tools_and_causality,cacchione2009gravity,2009,gorgo
physical,tools_and_causality,amici2010monkeys,2010,gorgo
physical,tools_and_causality,hanus2011comparing,2011,gorgo
physical,tools_and_causality,albiach2012apes,2012,gorgo
physical,tools_and_causality,amici2012modular,2012,gorgo
physical,tools_and_causality,volter2012problem,2012,gorgo
physical,tools_and_causality,allritz2013food,2013,gorgo
physical,tools_and_causality,ebel2021prior,2021,hope
physical,tools_and_causality,call2004inferences,2004,jahaga
physical,tools_and_causality,brauer2006making,2006,jahaga
physical,tools_and_causality,martin2008tubes,2008,jahaga
physical,tools_and_causality,cacchione2009gravity,2009,jahaga
physical,tools_and_causality,manrique2010great,2010,jahaga
physical,tools_and_causality,hanus2011comparing,2011,jahaga
physical,tools_and_causality,manrique2011spontaneous,2011,jahaga
physical,tools_and_causality,amici2012modular,2012,jahaga
physical,tools_and_causality,sabbatini2012understanding,2012,jahaga
physical,tools_and_causality,volter2012problem,2012,jahaga
physical,tools_and_causality,allritz2013food,2013,jahaga
physical,tools_and_causality,manrique2013repeated,2013,jahaga
physical,tools_and_causality,martin2013memory,2013,jahaga
physical,tools_and_causality,albiach2014reversed,2014,jahaga
physical,tools_and_causality,bourjade2014bonobos,2014,jahaga
physical,tools_and_causality,volter2014cognitive,2014,jahaga
physical,tools_and_causality,volter2014great,2014,jahaga
physical,tools_and_causality,brauer2015apes,2015,jahaga
physical,tools_and_causality,manrique2015age,2015,jahaga
physical,tools_and_causality,volter2016great,2016,jahaga
physical,tools_and_causality,volter2018intuitive,2018,jahaga
physical,tools_and_causality,ebel2019innovative,2019,jahaga
physical,tools_and_causality,tennie2019chimpanzees,2019,jahaga
physical,tools_and_causality,volter2014cognitive,2014,jasongo
physical,tools_and_causality,volter2014great,2014,jasongo
physical,tools_and_causality,manrique2015age,2015,jasongo
physical,tools_and_causality,volter2016great,2016,jasongo
physical,tools_and_causality,volter2018intuitive,2018,jasongo
physical,tools_and_causality,ebel2021prior,2021,jasongo
physical,tools_and_causality,manrique2015age,2015,jeudi
physical,tools_and_causality,ebel2019innovative,2019,jeudi
physical,tools_and_causality,ebel2021prior,2021,jeudi
physical,tools_and_causality,call2004inferences,2004,joey
physical,tools_and_causality,brauer2006making,2006,joey
physical,tools_and_causality,martin2008tubes,2008,joey
physical,tools_and_causality,cacchione2009gravity,2009,joey
physical,tools_and_causality,amici2010monkeys,2010,joey
physical,tools_and_causality,manrique2010great,2010,joey
physical,tools_and_causality,manrique2011spontaneous,2011,joey
physical,tools_and_causality,albiach2012apes,2012,joey
physical,tools_and_causality,amici2012modular,2012,joey
physical,tools_and_causality,volter2012problem,2012,joey
physical,tools_and_causality,allritz2013food,2013,joey
physical,tools_and_causality,manrique2013repeated,2013,joey
physical,tools_and_causality,bourjade2014bonobos,2014,joey
physical,tools_and_causality,volter2014cognitive,2014,joey
physical,tools_and_causality,volter2014great,2014,joey
physical,tools_and_causality,brauer2015apes,2015,joey
physical,tools_and_causality,manrique2015age,2015,joey
physical,tools_and_causality,volter2016great,2016,joey
physical,tools_and_causality,volter2018intuitive,2018,joey
physical,tools_and_causality,hanus2011chimpanzee,2011,kara
physical,tools_and_causality,seed2012chimpanzee,2012,kara
physical,tools_and_causality,martin2013memory,2013,kara
physical,tools_and_causality,albiach2014reversed,2014,kara
physical,tools_and_causality,volter2014cognitive,2014,kara
physical,tools_and_causality,volter2014great,2014,kara
physical,tools_and_causality,brauer2015apes,2015,kara
physical,tools_and_causality,manrique2015age,2015,kara
physical,tools_and_causality,volter2016great,2016,kara
physical,tools_and_causality,volter2018intuitive,2018,kara
physical,tools_and_causality,ebel2019innovative,2019,kara
physical,tools_and_causality,tennie2019chimpanzees,2019,kara
physical,tools_and_causality,amici2010monkeys,2010,kibara
physical,tools_and_causality,albiach2012apes,2012,kibara
physical,tools_and_causality,amici2012modular,2012,kibara
physical,tools_and_causality,volter2012problem,2012,kibara
physical,tools_and_causality,allritz2013food,2013,kibara
physical,tools_and_causality,manrique2013repeated,2013,kibara
physical,tools_and_causality,volter2014great,2014,kibara
physical,tools_and_causality,manrique2015age,2015,kibara
physical,tools_and_causality,ebel2021prior,2021,kibara
physical,tools_and_causality,martin2008tubes,2008,kila
physical,tools_and_causality,amici2010monkeys,2010,kila
physical,tools_and_causality,manrique2010great,2010,kila
physical,tools_and_causality,manrique2011spontaneous,2011,kila
physical,tools_and_causality,albiach2012apes,2012,kila
physical,tools_and_causality,amici2012modular,2012,kila
physical,tools_and_causality,volter2012problem,2012,kila
physical,tools_and_causality,manrique2013repeated,2013,kila
physical,tools_and_causality,martin2013memory,2013,kila
physical,tools_and_causality,volter2014cognitive,2014,kila
physical,tools_and_causality,albiach2015comparing,2015,kila
physical,tools_and_causality,brauer2015apes,2015,kila
physical,tools_and_causality,manrique2015age,2015,kila
physical,tools_and_causality,forss2016cognitive,2016,kila
physical,tools_and_causality,seed2012chimpanzee,2012,kofi
physical,tools_and_causality,martin2013memory,2013,kofi
physical,tools_and_causality,albiach2014reversed,2014,kofi
physical,tools_and_causality,volter2014cognitive,2014,kofi
physical,tools_and_causality,volter2014great,2014,kofi
physical,tools_and_causality,manrique2015age,2015,kofi
physical,tools_and_causality,volter2016great,2016,kofi
physical,tools_and_causality,volter2018intuitive,2018,kofi
physical,tools_and_causality,ebel2019innovative,2019,kofi
physical,tools_and_causality,tennie2019chimpanzees,2019,kofi
physical,tools_and_causality,ebel2021prior,2021,kofi
physical,tools_and_causality,volter2014great,2014,kumili
physical,tools_and_causality,manrique2015age,2015,kumili
physical,tools_and_causality,ebel2021prior,2021,kumili
physical,tools_and_causality,call2004inferences,2004,kuno
physical,tools_and_causality,brauer2006making,2006,kuno
physical,tools_and_causality,martin2008tubes,2008,kuno
physical,tools_and_causality,cacchione2009gravity,2009,kuno
physical,tools_and_causality,martin2009assessing,2009,kuno
physical,tools_and_causality,amici2010monkeys,2010,kuno
physical,tools_and_causality,manrique2010great,2010,kuno
physical,tools_and_causality,manrique2011spontaneous,2011,kuno
physical,tools_and_causality,albiach2012apes,2012,kuno
physical,tools_and_causality,amici2012modular,2012,kuno
physical,tools_and_causality,volter2012problem,2012,kuno
physical,tools_and_causality,allritz2013food,2013,kuno
physical,tools_and_causality,manrique2013repeated,2013,kuno
physical,tools_and_causality,bourjade2014bonobos,2014,kuno
physical,tools_and_causality,volter2014cognitive,2014,kuno
physical,tools_and_causality,volter2014great,2014,kuno
physical,tools_and_causality,brauer2015apes,2015,kuno
physical,tools_and_causality,manrique2015age,2015,kuno
physical,tools_and_causality,volter2016great,2016,kuno
physical,tools_and_causality,volter2018intuitive,2018,kuno
physical,tools_and_causality,ebel2019innovative,2019,kuno
physical,tools_and_causality,ebel2021prior,2021,kuno
physical,tools_and_causality,volter2014cognitive,2014,lexi
physical,tools_and_causality,volter2014great,2014,lexi
physical,tools_and_causality,manrique2015age,2015,lexi
physical,tools_and_causality,volter2016great,2016,lexi
physical,tools_and_causality,volter2018intuitive,2018,lexi
physical,tools_and_causality,ebel2019innovative,2019,lexi
physical,tools_and_causality,ebel2021prior,2021,lexi
physical,tools_and_causality,call2004inferences,2004,limbuko
physical,tools_and_causality,brauer2006making,2006,limbuko
physical,tools_and_causality,martin2008tubes,2008,limbuko
physical,tools_and_causality,cacchione2009gravity,2009,limbuko
physical,tools_and_causality,amici2010monkeys,2010,limbuko
physical,tools_and_causality,manrique2010great,2010,limbuko
physical,tools_and_causality,manrique2011spontaneous,2011,limbuko
physical,tools_and_causality,albiach2012apes,2012,limbuko
physical,tools_and_causality,amici2012modular,2012,limbuko
physical,tools_and_causality,allritz2013food,2013,limbuko
physical,tools_and_causality,manrique2013repeated,2013,limbuko
physical,tools_and_causality,bourjade2014bonobos,2014,limbuko
physical,tools_and_causality,hanus2011comparing,2011,lobo
physical,tools_and_causality,seed2012chimpanzee,2012,lobo
physical,tools_and_causality,allritz2013food,2013,lobo
physical,tools_and_causality,martin2013memory,2013,lobo
physical,tools_and_causality,albiach2014reversed,2014,lobo
physical,tools_and_causality,volter2014cognitive,2014,lobo
physical,tools_and_causality,volter2014great,2014,lobo
physical,tools_and_causality,albiach2015comparing,2015,lobo
physical,tools_and_causality,brauer2015apes,2015,lobo
physical,tools_and_causality,volter2016great,2016,lobo
physical,tools_and_causality,volter2018intuitive,2018,lobo
physical,tools_and_causality,ebel2019innovative,2019,lobo
physical,tools_and_causality,tennie2019chimpanzees,2019,lobo
physical,tools_and_causality,ebel2021prior,2021,lobo
physical,tools_and_causality,amici2010monkeys,2010,lome
physical,tools_and_causality,hanus2011comparing,2011,lome
physical,tools_and_causality,albiach2012apes,2012,lome
physical,tools_and_causality,amici2012modular,2012,lome
physical,tools_and_causality,sabbatini2012understanding,2012,lome
physical,tools_and_causality,seed2012chimpanzee,2012,lome
physical,tools_and_causality,volter2012problem,2012,lome
physical,tools_and_causality,allritz2013food,2013,lome
physical,tools_and_causality,martin2013memory,2013,lome
physical,tools_and_causality,albiach2014reversed,2014,lome
physical,tools_and_causality,volter2014cognitive,2014,lome
physical,tools_and_causality,volter2014great,2014,lome
physical,tools_and_causality,brauer2015apes,2015,lome
physical,tools_and_causality,manrique2015age,2015,lome
physical,tools_and_causality,volter2016great,2016,lome
physical,tools_and_causality,volter2018intuitive,2018,lome
physical,tools_and_causality,ebel2019innovative,2019,lome
physical,tools_and_causality,tennie2019chimpanzees,2019,lome
physical,tools_and_causality,ebel2021prior,2021,lome
physical,tools_and_causality,allritz2013food,2013,louna
physical,tools_and_causality,manrique2013repeated,2013,louna
physical,tools_and_causality,manrique2013repeated,2013,luiza
physical,tools_and_causality,volter2014great,2014,luiza
physical,tools_and_causality,manrique2015age,2015,luiza
physical,tools_and_causality,volter2016great,2016,luiza
physical,tools_and_causality,volter2018intuitive,2018,luiza
physical,tools_and_causality,ebel2019innovative,2019,luiza
physical,tools_and_causality,ebel2021prior,2021,luiza
physical,tools_and_causality,call2004inferences,2004,natascha
physical,tools_and_causality,brauer2006making,2006,natascha
physical,tools_and_causality,hanus2011chimpanzee,2011,natascha
physical,tools_and_causality,hanus2011comparing,2011,natascha
physical,tools_and_causality,amici2012modular,2012,natascha
physical,tools_and_causality,seed2012chimpanzee,2012,natascha
physical,tools_and_causality,volter2012problem,2012,natascha
physical,tools_and_causality,allritz2013food,2013,natascha
physical,tools_and_causality,martin2013memory,2013,natascha
physical,tools_and_causality,albiach2014reversed,2014,natascha
physical,tools_and_causality,volter2014great,2014,natascha
physical,tools_and_causality,manrique2015age,2015,natascha
physical,tools_and_causality,volter2016great,2016,natascha
physical,tools_and_causality,volter2018intuitive,2018,natascha
physical,tools_and_causality,ebel2019innovative,2019,natascha
physical,tools_and_causality,ebel2021prior,2021,natascha
physical,tools_and_causality,call2004inferences,2004,n’diki
physical,tools_and_causality,martin2008tubes,2008,n’diki
physical,tools_and_causality,cacchione2009gravity,2009,n’diki
physical,tools_and_causality,manrique2010great,2010,n’diki
physical,tools_and_causality,hanus2011comparing,2011,n’diki
physical,tools_and_causality,amici2012modular,2012,n’diki
physical,tools_and_causality,call2004inferences,2004,n’kwango
physical,tools_and_causality,amici2012modular,2012,n’kwango
physical,tools_and_causality,call2004inferences,2004,padana
physical,tools_and_causality,martin2008tubes,2008,padana
physical,tools_and_causality,cacchione2009gravity,2009,padana
physical,tools_and_causality,amici2010monkeys,2010,padana
physical,tools_and_causality,manrique2010great,2010,padana
physical,tools_and_causality,manrique2011spontaneous,2011,padana
physical,tools_and_causality,albiach2012apes,2012,padana
physical,tools_and_causality,amici2012modular,2012,padana
physical,tools_and_causality,volter2012problem,2012,padana
physical,tools_and_causality,allritz2013food,2013,padana
physical,tools_and_causality,manrique2013repeated,2013,padana
physical,tools_and_causality,martin2013memory,2013,padana
physical,tools_and_causality,bourjade2014bonobos,2014,padana
physical,tools_and_causality,volter2014cognitive,2014,padana
physical,tools_and_causality,volter2014great,2014,padana
physical,tools_and_causality,albiach2015comparing,2015,padana
physical,tools_and_causality,brauer2015apes,2015,padana
physical,tools_and_causality,manrique2015age,2015,padana
physical,tools_and_causality,forss2016cognitive,2016,padana
physical,tools_and_causality,volter2016great,2016,padana
physical,tools_and_causality,laumer2018spontaneous,2018,padana
physical,tools_and_causality,volter2018intuitive,2018,padana
physical,tools_and_causality,ebel2019innovative,2019,padana
physical,tools_and_causality,laumer2019orangutans,2019,padana
physical,tools_and_causality,bandini2021individually,2021,padana
physical,tools_and_causality,ebel2021prior,2021,padana
physical,tools_and_causality,amici2010monkeys,2010,pagai
physical,tools_and_causality,albiach2012apes,2012,pagai
physical,tools_and_causality,amici2012modular,2012,pagai
physical,tools_and_causality,call2004inferences,2004,patrick
physical,tools_and_causality,manrique2010great,2010,patrick
physical,tools_and_causality,hanus2011chimpanzee,2011,patrick
physical,tools_and_causality,hanus2011comparing,2011,patrick
physical,tools_and_causality,amici2012modular,2012,patrick
physical,tools_and_causality,sabbatini2012understanding,2012,patrick
physical,tools_and_causality,seed2012chimpanzee,2012,patrick
physical,tools_and_causality,volter2012problem,2012,patrick
physical,tools_and_causality,allritz2013food,2013,patrick
physical,tools_and_causality,albiach2014reversed,2014,patrick
physical,tools_and_causality,albiach2015comparing,2015,patrick
physical,tools_and_causality,brauer2015apes,2015,patrick
physical,tools_and_causality,manrique2015age,2015,patrick
physical,tools_and_causality,martin2008tubes,2008,pia
physical,tools_and_causality,martin2009assessing,2009,pia
physical,tools_and_causality,hanus2011chimpanzee,2011,pia
physical,tools_and_causality,hanus2011comparing,2011,pia
physical,tools_and_causality,amici2012modular,2012,pia
physical,tools_and_causality,seed2012chimpanzee,2012,pia
physical,tools_and_causality,volter2012problem,2012,pia
physical,tools_and_causality,allritz2013food,2013,pia
physical,tools_and_causality,martin2013memory,2013,pia
physical,tools_and_causality,albiach2014reversed,2014,pia
physical,tools_and_causality,volter2014cognitive,2014,pia
physical,tools_and_causality,albiach2015comparing,2015,pia
physical,tools_and_causality,brauer2015apes,2015,pia
physical,tools_and_causality,manrique2015age,2015,pia
physical,tools_and_causality,tennie2019chimpanzees,2019,pia
physical,tools_and_causality,call2004inferences,2004,pini
physical,tools_and_causality,martin2008tubes,2008,pini
physical,tools_and_causality,cacchione2009gravity,2009,pini
physical,tools_and_causality,martin2009assessing,2009,pini
physical,tools_and_causality,amici2010monkeys,2010,pini
physical,tools_and_causality,manrique2010great,2010,pini
physical,tools_and_causality,manrique2011spontaneous,2011,pini
physical,tools_and_causality,albiach2012apes,2012,pini
physical,tools_and_causality,amici2012modular,2012,pini
physical,tools_and_causality,volter2012problem,2012,pini
physical,tools_and_causality,allritz2013food,2013,pini
physical,tools_and_causality,manrique2013repeated,2013,pini
physical,tools_and_causality,martin2013memory,2013,pini
physical,tools_and_causality,bourjade2014bonobos,2014,pini
physical,tools_and_causality,volter2014cognitive,2014,pini
physical,tools_and_causality,volter2014great,2014,pini
physical,tools_and_causality,albiach2015comparing,2015,pini
physical,tools_and_causality,brauer2015apes,2015,pini
physical,tools_and_causality,manrique2015age,2015,pini
physical,tools_and_causality,forss2016cognitive,2016,pini
physical,tools_and_causality,volter2016great,2016,pini
physical,tools_and_causality,laumer2018spontaneous,2018,pini
physical,tools_and_causality,volter2018intuitive,2018,pini
physical,tools_and_causality,laumer2019orangutans,2019,pini
physical,tools_and_causality,bandini2021individually,2021,pini
physical,tools_and_causality,ebel2021prior,2021,pini
physical,tools_and_causality,amici2010monkeys,2010,raja
physical,tools_and_causality,albiach2012apes,2012,raja
physical,tools_and_causality,amici2012modular,2012,raja
physical,tools_and_causality,volter2012problem,2012,raja
physical,tools_and_causality,allritz2013food,2013,raja
physical,tools_and_causality,manrique2013repeated,2013,raja
physical,tools_and_causality,martin2013memory,2013,raja
physical,tools_and_causality,volter2014great,2014,raja
physical,tools_and_causality,albiach2015comparing,2015,raja
physical,tools_and_causality,brauer2015apes,2015,raja
physical,tools_and_causality,manrique2015age,2015,raja
physical,tools_and_causality,forss2016cognitive,2016,raja
physical,tools_and_causality,volter2016great,2016,raja
physical,tools_and_causality,laumer2018spontaneous,2018,raja
physical,tools_and_causality,volter2018intuitive,2018,raja
physical,tools_and_causality,ebel2019innovative,2019,raja
physical,tools_and_causality,laumer2019orangutans,2019,raja
physical,tools_and_causality,call2004inferences,2004,riet
physical,tools_and_causality,brauer2006making,2006,riet
physical,tools_and_causality,amici2010monkeys,2010,riet
physical,tools_and_causality,hanus2011chimpanzee,2011,riet
physical,tools_and_causality,hanus2011comparing,2011,riet
physical,tools_and_causality,amici2012modular,2012,riet
physical,tools_and_causality,seed2012chimpanzee,2012,riet
physical,tools_and_causality,volter2012problem,2012,riet
physical,tools_and_causality,allritz2013food,2013,riet
physical,tools_and_causality,albiach2014reversed,2014,riet
physical,tools_and_causality,volter2014cognitive,2014,riet
physical,tools_and_causality,volter2014great,2014,riet
physical,tools_and_causality,brauer2015apes,2015,riet
physical,tools_and_causality,manrique2015age,2015,riet
physical,tools_and_causality,volter2016great,2016,riet
physical,tools_and_causality,volter2018intuitive,2018,riet
physical,tools_and_causality,ebel2019innovative,2019,riet
physical,tools_and_causality,ebel2021prior,2021,riet
physical,tools_and_causality,call2004inferences,2004,robert
physical,tools_and_causality,brauer2006making,2006,robert
physical,tools_and_causality,amici2010monkeys,2010,robert
physical,tools_and_causality,hanus2011chimpanzee,2011,robert
physical,tools_and_causality,hanus2011comparing,2011,robert
physical,tools_and_causality,amici2012modular,2012,robert
physical,tools_and_causality,seed2012chimpanzee,2012,robert
physical,tools_and_causality,volter2012problem,2012,robert
physical,tools_and_causality,allritz2013food,2013,robert
physical,tools_and_causality,martin2013memory,2013,robert
physical,tools_and_causality,albiach2014reversed,2014,robert
physical,tools_and_causality,volter2014cognitive,2014,robert
physical,tools_and_causality,volter2014great,2014,robert
physical,tools_and_causality,albiach2015comparing,2015,robert
physical,tools_and_causality,manrique2015age,2015,robert
physical,tools_and_causality,volter2018intuitive,2018,robert
physical,tools_and_causality,ebel2019innovative,2019,robert
physical,tools_and_causality,tennie2019chimpanzees,2019,robert
physical,tools_and_causality,ebel2021prior,2021,robert
physical,tools_and_causality,call2004inferences,2004,ruby_b'windi
physical,tools_and_causality,cacchione2009gravity,2009,ruby_b'windi
physical,tools_and_causality,hanus2011comparing,2011,ruby_b'windi
physical,tools_and_causality,amici2012modular,2012,ruby_b'windi
physical,tools_and_causality,call2004inferences,2004,sandra
physical,tools_and_causality,brauer2006making,2006,sandra
physical,tools_and_causality,martin2008tubes,2008,sandra
physical,tools_and_causality,martin2009assessing,2009,sandra
physical,tools_and_causality,amici2010monkeys,2010,sandra
physical,tools_and_causality,manrique2010great,2010,sandra
physical,tools_and_causality,hanus2011comparing,2011,sandra
physical,tools_and_causality,amici2012modular,2012,sandra
physical,tools_and_causality,sabbatini2012understanding,2012,sandra
physical,tools_and_causality,seed2012chimpanzee,2012,sandra
physical,tools_and_causality,volter2012problem,2012,sandra
physical,tools_and_causality,allritz2013food,2013,sandra
physical,tools_and_causality,martin2013memory,2013,sandra
physical,tools_and_causality,albiach2014reversed,2014,sandra
physical,tools_and_causality,volter2014cognitive,2014,sandra
physical,tools_and_causality,volter2014great,2014,sandra
physical,tools_and_causality,brauer2015apes,2015,sandra
physical,tools_and_causality,manrique2015age,2015,sandra
physical,tools_and_causality,volter2016great,2016,sandra
physical,tools_and_causality,volter2018intuitive,2018,sandra
physical,tools_and_causality,ebel2019innovative,2019,sandra
physical,tools_and_causality,tennie2019chimpanzees,2019,sandra
physical,tools_and_causality,ebel2021prior,2021,sandra
physical,tools_and_causality,manrique2015age,2015,suaq
physical,tools_and_causality,forss2016cognitive,2016,suaq
physical,tools_and_causality,volter2018intuitive,2018,suaq
physical,tools_and_causality,laumer2019orangutans,2019,suaq
physical,tools_and_causality,ebel2021prior,2021,suaq
physical,tools_and_causality,hanus2011comparing,2011,swela
physical,tools_and_causality,seed2012chimpanzee,2012,swela
physical,tools_and_causality,allritz2013food,2013,swela
physical,tools_and_causality,albiach2014reversed,2014,swela
physical,tools_and_causality,volter2014cognitive,2014,swela
physical,tools_and_causality,volter2014great,2014,swela
physical,tools_and_causality,albiach2015comparing,2015,swela
physical,tools_and_causality,volter2018intuitive,2018,swela
physical,tools_and_causality,ebel2021prior,2021,swela
physical,tools_and_causality,manrique2010great,2010,tai
physical,tools_and_causality,hanus2011comparing,2011,tai
physical,tools_and_causality,seed2012chimpanzee,2012,tai
physical,tools_and_causality,volter2012problem,2012,tai
physical,tools_and_causality,allritz2013food,2013,tai
physical,tools_and_causality,martin2013memory,2013,tai
physical,tools_and_causality,albiach2014reversed,2014,tai
physical,tools_and_causality,volter2014cognitive,2014,tai
physical,tools_and_causality,volter2014great,2014,tai
physical,tools_and_causality,albiach2015comparing,2015,tai
physical,tools_and_causality,brauer2015apes,2015,tai
physical,tools_and_causality,manrique2015age,2015,tai
physical,tools_and_causality,volter2016great,2016,tai
physical,tools_and_causality,volter2018intuitive,2018,tai
physical,tools_and_causality,ebel2019innovative,2019,tai
physical,tools_and_causality,tennie2019chimpanzees,2019,tai
physical,tools_and_causality,ebel2021prior,2021,tai
physical,tools_and_causality,manrique2015age,2015,tanah
physical,tools_and_causality,forss2016cognitive,2016,tanah
physical,tools_and_causality,volter2016great,2016,tanah
physical,tools_and_causality,laumer2018spontaneous,2018,tanah
physical,tools_and_causality,laumer2019orangutans,2019,tanah
physical,tools_and_causality,ebel2021prior,2021,tanah
physical,tools_and_causality,forss2016cognitive,2016,tao
physical,tools_and_causality,call2004inferences,2004,toba
physical,tools_and_causality,cacchione2009gravity,2009,toba
physical,tools_and_causality,amici2012modular,2012,toba
physical,tools_and_causality,forss2016cognitive,2016,toba
physical,tools_and_causality,call2004inferences,2004,ulindi
physical,tools_and_causality,brauer2006making,2006,ulindi
physical,tools_and_causality,martin2008tubes,2008,ulindi
physical,tools_and_causality,cacchione2009gravity,2009,ulindi
physical,tools_and_causality,martin2009assessing,2009,ulindi
physical,tools_and_causality,amici2010monkeys,2010,ulindi
physical,tools_and_causality,manrique2011spontaneous,2011,ulindi
physical,tools_and_causality,albiach2012apes,2012,ulindi
physical,tools_and_causality,amici2012modular,2012,ulindi
physical,tools_and_causality,volter2012problem,2012,ulindi
physical,tools_and_causality,manrique2013repeated,2013,ulindi
physical,tools_and_causality,bourjade2014bonobos,2014,ulindi
physical,tools_and_causality,volter2014cognitive,2014,ulindi
physical,tools_and_causality,volter2014great,2014,ulindi
physical,tools_and_causality,brauer2015apes,2015,ulindi
physical,tools_and_causality,call2004inferences,2004,ulla
physical,tools_and_causality,brauer2006making,2006,ulla
physical,tools_and_causality,manrique2010great,2010,ulla
physical,tools_and_causality,hanus2011comparing,2011,ulla
physical,tools_and_causality,amici2012modular,2012,ulla
physical,tools_and_causality,volter2012problem,2012,ulla
physical,tools_and_causality,martin2013memory,2013,ulla
physical,tools_and_causality,albiach2014reversed,2014,ulla
physical,tools_and_causality,volter2014cognitive,2014,ulla
physical,tools_and_causality,volter2014great,2014,ulla
physical,tools_and_causality,manrique2015age,2015,ulla
physical,tools_and_causality,volter2018intuitive,2018,ulla
physical,tools_and_causality,ebel2019innovative,2019,ulla
physical,tools_and_causality,tennie2019chimpanzees,2019,ulla
physical,tools_and_causality,hanus2011comparing,2011,unyoro
physical,tools_and_causality,albiach2014reversed,2014,unyoro
physical,tools_and_causality,call2004inferences,2004,vimoto
physical,tools_and_causality,call2004inferences,2004,viringika
physical,tools_and_causality,martin2008tubes,2008,viringika
physical,tools_and_causality,cacchione2009gravity,2009,viringika
physical,tools_and_causality,martin2009assessing,2009,viringika
physical,tools_and_causality,amici2010monkeys,2010,viringika
physical,tools_and_causality,manrique2010great,2010,viringika
physical,tools_and_causality,hanus2011comparing,2011,viringika
physical,tools_and_causality,albiach2012apes,2012,viringika
physical,tools_and_causality,amici2012modular,2012,viringika
physical,tools_and_causality,volter2012problem,2012,viringika
physical,tools_and_causality,allritz2013food,2013,viringika
physical,tools_and_causality,manrique2013repeated,2013,viringika
physical,tools_and_causality,volter2014great,2014,viringika
physical,tools_and_causality,call2004inferences,2004,vizuri
physical,tools_and_causality,amici2012modular,2012,vizuri
physical,tools_and_causality,call2004inferences,2004,walter
physical,tools_and_causality,cacchione2009gravity,2009,walter
physical,tools_and_causality,amici2012modular,2012,walter
physical,tools_and_causality,forss2016cognitive,2016,walter
physical,tools_and_causality,martin2008tubes,2008,yasa
physical,tools_and_causality,cacchione2009gravity,2009,yasa
physical,tools_and_causality,amici2010monkeys,2010,yasa
physical,tools_and_causality,manrique2010great,2010,yasa
physical,tools_and_causality,manrique2011spontaneous,2011,yasa
physical,tools_and_causality,albiach2012apes,2012,yasa
physical,tools_and_causality,amici2012modular,2012,yasa
physical,tools_and_causality,volter2012problem,2012,yasa
physical,tools_and_causality,manrique2013repeated,2013,yasa
physical,tools_and_causality,bourjade2014bonobos,2014,yasa
physical,tools_and_causality,volter2014cognitive,2014,yasa
physical,tools_and_causality,volter2014great,2014,yasa
physical,tools_and_causality,brauer2015apes,2015,yasa
physical,tools_and_causality,manrique2015age,2015,yasa
physical,tools_and_causality,volter2016great,2016,yasa
physical,tools_and_causality,volter2018intuitive,2018,yasa
physical,tools_and_causality,ebel2019innovative,2019,yasa
physical,tools_and_causality,ebel2021prior,2021,yasa
physical,tools_and_causality,cacchione2009gravity,2009,zora
