cognitive_domain,general_domain,study_id,year,participant
social,competition_and_cooperation,amici2014lack,2014,abeeku
social,competition_and_cooperation,amici2018social,2018,abeeku
social,competition_and_cooperation,russell2008image,2008,alex
social,competition_and_cooperation,greenberg2010chimpanzee,2010,alex
social,competition_and_cooperation,amici2012aversion,2012,alex
social,competition_and_cooperation,amici2014calculated,2014,alex
social,competition_and_cooperation,amici2014lack,2014,alex
social,competition_and_cooperation,amici2014response,2014,alex
social,competition_and_cooperation,liebal2014does,2014,alex
social,competition_and_cooperation,engelmann2017social,2017,alex
social,competition_and_cooperation,grueneisen2017children,2017,alex
social,competition_and_cooperation,bueno2019bargaining,2019,alex
social,competition_and_cooperation,knofe2019chimpanzees,2019,alex
social,competition_and_cooperation,sanchez2019chimpanzees,2019,alex
social,competition_and_cooperation,wolf2019visually,2019,alex
social,competition_and_cooperation,bueno2020effects,2020,alex
social,competition_and_cooperation,duguid2020strategies,2020,alex
social,competition_and_cooperation,hepach2020help,2020,alex
social,competition_and_cooperation,wolf2020human,2020,alex
social,competition_and_cooperation,hepach2021chimpanzees,2021,alex
social,competition_and_cooperation,herrmann2006apes,2006,alexandra
social,competition_and_cooperation,russell2008image,2008,alexandra
social,competition_and_cooperation,amici2012aversion,2012,alexandra
social,competition_and_cooperation,amici2014lack,2014,alexandra
social,competition_and_cooperation,amici2014response,2014,alexandra
social,competition_and_cooperation,liebal2014does,2014,alexandra
social,competition_and_cooperation,amici2014calculated,2014,alexandra
social,competition_and_cooperation,engelmann2017social,2017,alexandra
social,competition_and_cooperation,grueneisen2017children,2017,alexandra
social,competition_and_cooperation,sanchez2019chimpanzees,2019,alexandra
social,competition_and_cooperation,bueno2020effects,2020,alexandra
social,competition_and_cooperation,duguid2020strategies,2020,alexandra
social,competition_and_cooperation,hepach2020help,2020,alexandra
social,competition_and_cooperation,russell2008image,2008,annett
social,competition_and_cooperation,amici2012aversion,2012,annett
social,competition_and_cooperation,amici2014lack,2014,annett
social,competition_and_cooperation,amici2014response,2014,annett
social,competition_and_cooperation,liebal2014does,2014,annett
social,competition_and_cooperation,bueno2020effects,2020,annett
social,competition_and_cooperation,duguid2020strategies,2020,annett
social,competition_and_cooperation,liebal2014does,2014,bali
social,competition_and_cooperation,wolf2020human,2020,bambari
social,competition_and_cooperation,engelmann2017social,2017,bangolo
social,competition_and_cooperation,sanchez2017chimpanzees,2017,bangolo
social,competition_and_cooperation,sanchez2018chimpanzees,2018,bangolo
social,competition_and_cooperation,herrmann2019human,2019,bangolo
social,competition_and_cooperation,sanchez2019chimpanzees,2019,bangolo
social,competition_and_cooperation,wolf2019visually,2019,bangolo
social,competition_and_cooperation,schmelz2020psychological,2020,bangolo
social,competition_and_cooperation,hepach2021chimpanzees,2021,bangolo
social,competition_and_cooperation,volter2015exploitation,2015,batak
social,competition_and_cooperation,liebal2017give,2017,batak
social,competition_and_cooperation,brauer2006apes,2006,bebe
social,competition_and_cooperation,russell2008image,2008,bebe
social,competition_and_cooperation,amici2012aversion,2012,bebe
social,competition_and_cooperation,amici2014response,2014,bebe
social,competition_and_cooperation,amici2014lack,2014,bebe
social,competition_and_cooperation,liebal2014does,2014,bili
social,competition_and_cooperation,brauer2006apes,2006,bimbo
social,competition_and_cooperation,russell2008image,2008,bimbo
social,competition_and_cooperation,dufour2009calculated,2009,bimbo
social,competition_and_cooperation,amici2012aversion,2012,bimbo
social,competition_and_cooperation,amici2014calculated,2014,bimbo
social,competition_and_cooperation,amici2014lack,2014,bimbo
social,competition_and_cooperation,amici2014response,2014,bimbo
social,competition_and_cooperation,liebal2014does,2014,bimbo
social,competition_and_cooperation,liebal2017give,2017,bimbo
social,competition_and_cooperation,amici2018social,2018,bimbo
social,competition_and_cooperation,brauer2006apes,2006,brent
social,competition_and_cooperation,herrmann2006apes,2006,brent
social,competition_and_cooperation,russell2008image,2008,brent
social,competition_and_cooperation,hepach2021chimpanzees,2021,brigitta
social,competition_and_cooperation,liebal2017give,2017,corrie
social,competition_and_cooperation,brauer2006apes,2006,corry
social,competition_and_cooperation,herrmann2006apes,2006,corry
social,competition_and_cooperation,russell2008image,2008,corry
social,competition_and_cooperation,greenberg2010chimpanzee,2010,corry
social,competition_and_cooperation,engelmann2012five,2012,corry
social,competition_and_cooperation,sanchez2016chimpanzees,2016,corry
social,competition_and_cooperation,liebal2017give,2017,corry
social,competition_and_cooperation,sanchez2019chimpanzees,2019,corry
social,competition_and_cooperation,wolf2019visually,2019,corry
social,competition_and_cooperation,herrmann2019human,2019,corry
social,competition_and_cooperation,duguid2020strategies,2020,corry
social,competition_and_cooperation,hepach2021chimpanzees,2021,corry
social,competition_and_cooperation,sanchez2019chimpanzees,2019,daza
social,competition_and_cooperation,wolf2019visually,2019,daza
social,competition_and_cooperation,bueno2020effects,2020,daza
social,competition_and_cooperation,duguid2020strategies,2020,daza
social,competition_and_cooperation,hepach2020help,2020,daza
social,competition_and_cooperation,wolf2020human,2020,daza
social,competition_and_cooperation,hepach2021chimpanzees,2021,daza
social,competition_and_cooperation,liebal2014does,2014,diva
social,competition_and_cooperation,brauer2006apes,2006,dokana
social,competition_and_cooperation,russell2008image,2008,dokana
social,competition_and_cooperation,brauer2009apes,2009,dokana
social,competition_and_cooperation,dufour2009calculated,2009,dokana
social,competition_and_cooperation,amici2012aversion,2012,dokana
social,competition_and_cooperation,amici2014lack,2014,dokana
social,competition_and_cooperation,amici2014response,2014,dokana
social,competition_and_cooperation,liebal2014does,2014,dokana
social,competition_and_cooperation,amici2014calculated,2014,dokana
social,competition_and_cooperation,volter2015exploitation,2015,dokana
social,competition_and_cooperation,liebal2017give,2017,dokana
social,competition_and_cooperation,amici2018social,2018,dokana
social,competition_and_cooperation,brauer2006apes,2006,dorien
social,competition_and_cooperation,russell2008image,2008,dorien
social,competition_and_cooperation,brauer2009apes,2009,dorien
social,competition_and_cooperation,amici2012aversion,2012,dorien
social,competition_and_cooperation,engelmann2012five,2012,dorien
social,competition_and_cooperation,amici2014response,2014,dorien
social,competition_and_cooperation,herrmann2019human,2019,dorien
social,competition_and_cooperation,sanchez2019chimpanzees,2019,dorien
social,competition_and_cooperation,wolf2019visually,2019,dorien
social,competition_and_cooperation,bueno2020effects,2020,dorien
social,competition_and_cooperation,wolf2020human,2020,dorien
social,competition_and_cooperation,hepach2021chimpanzees,2021,dorien
social,competition_and_cooperation,sanchez2021chimpanzees,2021,dorien
social,competition_and_cooperation,brauer2006apes,2006,dunja
social,competition_and_cooperation,russell2008image,2008,dunja
social,competition_and_cooperation,brauer2009apes,2009,dunja
social,competition_and_cooperation,amici2012aversion,2012,dunja
social,competition_and_cooperation,amici2014response,2014,dunja
social,competition_and_cooperation,liebal2014does,2014,dunja
social,competition_and_cooperation,liebal2014does,2014,edwin
social,competition_and_cooperation,brauer2006apes,2006,fifi
social,competition_and_cooperation,herrmann2006apes,2006,fifi
social,competition_and_cooperation,russell2008image,2008,fifi
social,competition_and_cooperation,greenberg2010chimpanzee,2010,fifi
social,competition_and_cooperation,amici2012aversion,2012,fifi
social,competition_and_cooperation,amici2014calculated,2014,fifi
social,competition_and_cooperation,amici2014lack,2014,fifi
social,competition_and_cooperation,amici2014response,2014,fifi
social,competition_and_cooperation,liebal2014does,2014,fifi
social,competition_and_cooperation,knofe2019chimpanzees,2019,fifi
social,competition_and_cooperation,amici2014lack,2014,fimi
social,competition_and_cooperation,sanchez2017chimpanzees,2017,fimi
social,competition_and_cooperation,grueneisen2017children,2017,fimi
social,competition_and_cooperation,amici2018social,2018,fimi
social,competition_and_cooperation,wolf2019visually,2019,fimi
social,competition_and_cooperation,nolte2021targeted,2021,fimi
social,competition_and_cooperation,brauer2006apes,2006,fraukje
social,competition_and_cooperation,herrmann2006apes,2006,fraukje
social,competition_and_cooperation,russell2008image,2008,fraukje
social,competition_and_cooperation,engelmann2012five,2012,fraukje
social,competition_and_cooperation,amici2014lack,2014,fraukje
social,competition_and_cooperation,amici2014response,2014,fraukje
social,competition_and_cooperation,duguid2014coordination,2014,fraukje
social,competition_and_cooperation,sanchez2016chimpanzees,2016,fraukje
social,competition_and_cooperation,liebal2017give,2017,fraukje
social,competition_and_cooperation,amici2018social,2018,fraukje
social,competition_and_cooperation,wolf2019visually,2019,fraukje
social,competition_and_cooperation,hepach2020help,2020,fraukje
social,competition_and_cooperation,wolf2020human,2020,fraukje
social,competition_and_cooperation,hepach2021chimpanzees,2021,fraukje
social,competition_and_cooperation,nolte2021targeted,2021,fraukje
social,competition_and_cooperation,engelmann2017social,2017,frederike
social,competition_and_cooperation,wolf2019visually,2019,frederike
social,competition_and_cooperation,bueno2020effects,2020,frederike
social,competition_and_cooperation,hepach2020help,2020,frederike
social,competition_and_cooperation,wolf2020human,2020,frederike
social,competition_and_cooperation,hepach2021chimpanzees,2021,frederike
social,competition_and_cooperation,brauer2006apes,2006,frodo
social,competition_and_cooperation,herrmann2006apes,2006,frodo
social,competition_and_cooperation,russell2008image,2008,frodo
social,competition_and_cooperation,greenberg2010chimpanzee,2010,frodo
social,competition_and_cooperation,amici2012aversion,2012,frodo
social,competition_and_cooperation,engelmann2012five,2012,frodo
social,competition_and_cooperation,amici2014calculated,2014,frodo
social,competition_and_cooperation,amici2014lack,2014,frodo
social,competition_and_cooperation,amici2014response,2014,frodo
social,competition_and_cooperation,duguid2014coordination,2014,frodo
social,competition_and_cooperation,sanchez2016chimpanzees,2016,frodo
social,competition_and_cooperation,grueneisen2017children,2017,frodo
social,competition_and_cooperation,liebal2017give,2017,frodo
social,competition_and_cooperation,sanchez2017chimpanzees,2017,frodo
social,competition_and_cooperation,schmelz2017chimpanzees,2017,frodo
social,competition_and_cooperation,sanchez2018chimpanzees,2018,frodo
social,competition_and_cooperation,herrmann2019human,2019,frodo
social,competition_and_cooperation,sanchez2019chimpanzees,2019,frodo
social,competition_and_cooperation,wolf2019visually,2019,frodo
social,competition_and_cooperation,knofe2019chimpanzees,2019,frodo
social,competition_and_cooperation,bueno2020effects,2020,frodo
social,competition_and_cooperation,duguid2020strategies,2020,frodo
social,competition_and_cooperation,wolf2020human,2020,frodo
social,competition_and_cooperation,hepach2021chimpanzees,2021,frodo
social,competition_and_cooperation,sanchez2021chimpanzees,2021,frodo
social,competition_and_cooperation,amici2014lack,2014,gemena
social,competition_and_cooperation,sanchez2017chimpanzees,2017,gemena
social,competition_and_cooperation,wolf2019visually,2019,gemena
social,competition_and_cooperation,wolf2020human,2020,gemena
social,competition_and_cooperation,nolte2021targeted,2021,gemena
social,competition_and_cooperation,brauer2006apes,2006,gertrudia
social,competition_and_cooperation,herrmann2006apes,2006,gertrudia
social,competition_and_cooperation,russell2008image,2008,gertrudia
social,competition_and_cooperation,greenberg2010chimpanzee,2010,gertrudia
social,competition_and_cooperation,amici2012aversion,2012,gertrudia
social,competition_and_cooperation,amici2014calculated,2014,gertrudia
social,competition_and_cooperation,amici2014lack,2014,gertrudia
social,competition_and_cooperation,amici2014response,2014,gertrudia
social,competition_and_cooperation,liebal2014does,2014,gertrudia
social,competition_and_cooperation,knofe2019chimpanzees,2019,gertrudia
social,competition_and_cooperation,brauer2006apes,2006,gorgo
social,competition_and_cooperation,russell2008image,2008,gorgo
social,competition_and_cooperation,amici2012aversion,2012,gorgo
social,competition_and_cooperation,amici2014calculated,2014,gorgo
social,competition_and_cooperation,amici2014lack,2014,gorgo
social,competition_and_cooperation,amici2014response,2014,gorgo
social,competition_and_cooperation,liebal2014does,2014,gorgo
social,competition_and_cooperation,wolf2019visually,2019,hope
social,competition_and_cooperation,wolf2020human,2020,hope
social,competition_and_cooperation,liebal2014does,2014,indi
social,competition_and_cooperation,brauer2006apes,2006,jahaga
social,competition_and_cooperation,herrmann2006apes,2006,jahaga
social,competition_and_cooperation,russell2008image,2008,jahaga
social,competition_and_cooperation,greenberg2010chimpanzee,2010,jahaga
social,competition_and_cooperation,amici2012aversion,2012,jahaga
social,competition_and_cooperation,amici2014lack,2014,jahaga
social,competition_and_cooperation,amici2014response,2014,jahaga
social,competition_and_cooperation,liebal2014does,2014,jahaga
social,competition_and_cooperation,amici2014calculated,2014,jahaga
social,competition_and_cooperation,engelmann2017social,2017,jahaga
social,competition_and_cooperation,grueneisen2017children,2017,jahaga
social,competition_and_cooperation,bueno2019bargaining,2019,jahaga
social,competition_and_cooperation,sanchez2019chimpanzees,2019,jahaga
social,competition_and_cooperation,knofe2019chimpanzees,2019,jahaga
social,competition_and_cooperation,bueno2020effects,2020,jahaga
social,competition_and_cooperation,duguid2020strategies,2020,jahaga
social,competition_and_cooperation,hepach2020help,2020,jahaga
social,competition_and_cooperation,hepach2021chimpanzees,2021,jahaga
social,competition_and_cooperation,amici2014calculated,2014,jasongo
social,competition_and_cooperation,amici2014lack,2014,jasongo
social,competition_and_cooperation,wolf2019visually,2019,jasongo
social,competition_and_cooperation,wolf2020human,2020,jasongo
social,competition_and_cooperation,wolf2019visually,2019,jeudi
social,competition_and_cooperation,duguid2020strategies,2020,jeudi
social,competition_and_cooperation,hepach2020help,2020,jeudi
social,competition_and_cooperation,hepach2021chimpanzees,2021,jeudi
social,competition_and_cooperation,brauer2006apes,2006,joey
social,competition_and_cooperation,herrmann2006apes,2006,joey
social,competition_and_cooperation,russell2008image,2008,joey
social,competition_and_cooperation,brauer2009apes,2009,joey
social,competition_and_cooperation,amici2012aversion,2012,joey
social,competition_and_cooperation,amici2014lack,2014,joey
social,competition_and_cooperation,amici2014response,2014,joey
social,competition_and_cooperation,liebal2014does,2014,joey
social,competition_and_cooperation,wolf2019visually,2019,joey
social,competition_and_cooperation,liebal2014does,2014,kalema
social,competition_and_cooperation,sanchez2016chimpanzees,2016,kara
social,competition_and_cooperation,grueneisen2017children,2017,kara
social,competition_and_cooperation,liebal2017give,2017,kara
social,competition_and_cooperation,sanchez2017chimpanzees,2017,kara
social,competition_and_cooperation,schmelz2017chimpanzees,2017,kara
social,competition_and_cooperation,amici2018social,2018,kara
social,competition_and_cooperation,bueno2019bargaining,2019,kara
social,competition_and_cooperation,knofe2019chimpanzees,2019,kara
social,competition_and_cooperation,bueno2020effects,2020,kara
social,competition_and_cooperation,hepach2020help,2020,kara
social,competition_and_cooperation,hepach2021chimpanzees,2021,kara
social,competition_and_cooperation,nolte2021targeted,2021,kara
social,competition_and_cooperation,wolf2020human,2020,kasai_II
social,competition_and_cooperation,liebal2014does,2014,kazahukire
social,competition_and_cooperation,amici2014calculated,2014,kibara
social,competition_and_cooperation,amici2014lack,2014,kibara
social,competition_and_cooperation,liebal2014does,2014,kibara
social,competition_and_cooperation,amici2018social,2018,kibara
social,competition_and_cooperation,liebal2014does,2014,kidogo
social,competition_and_cooperation,liebal2014does,2014,kila
social,competition_and_cooperation,liebal2017give,2017,kila
social,competition_and_cooperation,sanchez2016chimpanzees,2016,kofi
social,competition_and_cooperation,engelmann2017social,2017,kofi
social,competition_and_cooperation,grueneisen2017children,2017,kofi
social,competition_and_cooperation,liebal2017give,2017,kofi
social,competition_and_cooperation,sanchez2017chimpanzees,2017,kofi
social,competition_and_cooperation,schmelz2017chimpanzees,2017,kofi
social,competition_and_cooperation,amici2018social,2018,kofi
social,competition_and_cooperation,sanchez2018chimpanzees,2018,kofi
social,competition_and_cooperation,bueno2019bargaining,2019,kofi
social,competition_and_cooperation,herrmann2019human,2019,kofi
social,competition_and_cooperation,knofe2019chimpanzees,2019,kofi
social,competition_and_cooperation,sanchez2019chimpanzees,2019,kofi
social,competition_and_cooperation,wolf2019visually,2019,kofi
social,competition_and_cooperation,bueno2020effects,2020,kofi
social,competition_and_cooperation,duguid2020strategies,2020,kofi
social,competition_and_cooperation,hepach2020help,2020,kofi
social,competition_and_cooperation,schmelz2020psychological,2020,kofi
social,competition_and_cooperation,hepach2021chimpanzees,2021,kofi
social,competition_and_cooperation,nolte2021targeted,2021,kofi
social,competition_and_cooperation,liebal2014does,2014,kraba
social,competition_and_cooperation,amici2014lack,2014,kumili
social,competition_and_cooperation,amici2018social,2018,kumili
social,competition_and_cooperation,brauer2006apes,2006,kuno
social,competition_and_cooperation,herrmann2006apes,2006,kuno
social,competition_and_cooperation,russell2008image,2008,kuno
social,competition_and_cooperation,brauer2009apes,2009,kuno
social,competition_and_cooperation,amici2012aversion,2012,kuno
social,competition_and_cooperation,amici2014lack,2014,kuno
social,competition_and_cooperation,amici2014response,2014,kuno
social,competition_and_cooperation,liebal2014does,2014,kuno
social,competition_and_cooperation,amici2014calculated,2014,kuno
social,competition_and_cooperation,grueneisen2017children,2017,kuno
social,competition_and_cooperation,sanchez2017chimpanzees,2017,kuno
social,competition_and_cooperation,amici2018social,2018,kuno
social,competition_and_cooperation,wolf2019visually,2019,kuno
social,competition_and_cooperation,wolf2020human,2020,kuno
social,competition_and_cooperation,nolte2021targeted,2021,kuno
social,competition_and_cooperation,sanchez2021chimpanzees,2021,kuno
social,competition_and_cooperation,amici2014lack,2014,lexi
social,competition_and_cooperation,grueneisen2017children,2017,lexi
social,competition_and_cooperation,sanchez2017chimpanzees,2017,lexi
social,competition_and_cooperation,amici2018social,2018,lexi
social,competition_and_cooperation,nolte2021targeted,2021,lexi
social,competition_and_cooperation,brauer2006apes,2006,limbuko
social,competition_and_cooperation,herrmann2006apes,2006,limbuko
social,competition_and_cooperation,russell2008image,2008,limbuko
social,competition_and_cooperation,brauer2009apes,2009,limbuko
social,competition_and_cooperation,amici2012aversion,2012,limbuko
social,competition_and_cooperation,amici2014response,2014,limbuko
social,competition_and_cooperation,liebal2014does,2014,limbuko
social,competition_and_cooperation,engelmann2012five,2012,lobo
social,competition_and_cooperation,duguid2014coordination,2014,lobo
social,competition_and_cooperation,sanchez2016chimpanzees,2016,lobo
social,competition_and_cooperation,engelmann2017social,2017,lobo
social,competition_and_cooperation,grueneisen2017children,2017,lobo
social,competition_and_cooperation,liebal2017give,2017,lobo
social,competition_and_cooperation,sanchez2017chimpanzees,2017,lobo
social,competition_and_cooperation,schmelz2017chimpanzees,2017,lobo
social,competition_and_cooperation,amici2018social,2018,lobo
social,competition_and_cooperation,sanchez2018chimpanzees,2018,lobo
social,competition_and_cooperation,bueno2019bargaining,2019,lobo
social,competition_and_cooperation,herrmann2019human,2019,lobo
social,competition_and_cooperation,knofe2019chimpanzees,2019,lobo
social,competition_and_cooperation,sanchez2019chimpanzees,2019,lobo
social,competition_and_cooperation,wolf2019visually,2019,lobo
social,competition_and_cooperation,bueno2020effects,2020,lobo
social,competition_and_cooperation,duguid2020strategies,2020,lobo
social,competition_and_cooperation,hepach2020help,2020,lobo
social,competition_and_cooperation,schmelz2020psychological,2020,lobo
social,competition_and_cooperation,wolf2020human,2020,lobo
social,competition_and_cooperation,hepach2021chimpanzees,2021,lobo
social,competition_and_cooperation,nolte2021targeted,2021,lobo
social,competition_and_cooperation,sanchez2021chimpanzees,2021,lobo
social,competition_and_cooperation,greenberg2010chimpanzee,2010,lome
social,competition_and_cooperation,engelmann2012five,2012,lome
social,competition_and_cooperation,amici2014calculated,2014,lome
social,competition_and_cooperation,amici2014lack,2014,lome
social,competition_and_cooperation,duguid2014coordination,2014,lome
social,competition_and_cooperation,sanchez2016chimpanzees,2016,lome
social,competition_and_cooperation,engelmann2017social,2017,lome
social,competition_and_cooperation,grueneisen2017children,2017,lome
social,competition_and_cooperation,liebal2017give,2017,lome
social,competition_and_cooperation,sanchez2017chimpanzees,2017,lome
social,competition_and_cooperation,schmelz2017chimpanzees,2017,lome
social,competition_and_cooperation,sanchez2018chimpanzees,2018,lome
social,competition_and_cooperation,bueno2019bargaining,2019,lome
social,competition_and_cooperation,herrmann2019human,2019,lome
social,competition_and_cooperation,sanchez2019chimpanzees,2019,lome
social,competition_and_cooperation,wolf2019visually,2019,lome
social,competition_and_cooperation,bueno2020effects,2020,lome
social,competition_and_cooperation,duguid2020strategies,2020,lome
social,competition_and_cooperation,schmelz2020psychological,2020,lome
social,competition_and_cooperation,wolf2020human,2020,lome
social,competition_and_cooperation,hepach2020help,2020,lome
social,competition_and_cooperation,hepach2021chimpanzees,2021,lome
social,competition_and_cooperation,nolte2021targeted,2021,lome
social,competition_and_cooperation,sanchez2021chimpanzees,2021,lome
social,competition_and_cooperation,amici2014calculated,2014,louna
social,competition_and_cooperation,amici2014lack,2014,louna
social,competition_and_cooperation,liebal2014does,2014,louna
social,competition_and_cooperation,amici2014calculated,2014,luiza
social,competition_and_cooperation,amici2014lack,2014,luiza
social,competition_and_cooperation,liebal2014does,2014,luiza
social,competition_and_cooperation,grueneisen2017children,2017,luiza
social,competition_and_cooperation,sanchez2017chimpanzees,2017,luiza
social,competition_and_cooperation,amici2018social,2018,luiza
social,competition_and_cooperation,wolf2019visually,2019,luiza
social,competition_and_cooperation,wolf2020human,2020,luiza
social,competition_and_cooperation,nolte2021targeted,2021,luiza
social,competition_and_cooperation,sanchez2021chimpanzees,2021,luiza
social,competition_and_cooperation,liebal2017give,2017,maia
social,competition_and_cooperation,liebal2014does,2014,mawa
social,competition_and_cooperation,liebal2014does,2014,mercedes
social,competition_and_cooperation,liebal2014does,2014,namukisa
social,competition_and_cooperation,brauer2006apes,2006,natascha
social,competition_and_cooperation,russell2008image,2008,natascha
social,competition_and_cooperation,engelmann2012five,2012,natascha
social,competition_and_cooperation,duguid2014coordination,2014,natascha
social,competition_and_cooperation,liebal2017give,2017,natascha
social,competition_and_cooperation,sanchez2017chimpanzees,2017,natascha
social,competition_and_cooperation,herrmann2019human,2019,natascha
social,competition_and_cooperation,wolf2019visually,2019,natascha
social,competition_and_cooperation,bueno2020effects,2020,natascha
social,competition_and_cooperation,hepach2020help,2020,natascha
social,competition_and_cooperation,schmelz2020psychological,2020,natascha
social,competition_and_cooperation,liebal2014does,2014,nkuumwa
social,competition_and_cooperation,brauer2006apes,2006,n’diki
social,competition_and_cooperation,russell2008image,2008,n’diki
social,competition_and_cooperation,amici2012aversion,2012,n’diki
social,competition_and_cooperation,amici2014response,2014,n’diki
social,competition_and_cooperation,brauer2006apes,2006,n’kwango
social,competition_and_cooperation,liebal2014does,2014,okech
social,competition_and_cooperation,brauer2006apes,2006,padana
social,competition_and_cooperation,russell2008image,2008,padana
social,competition_and_cooperation,brauer2009apes,2009,padana
social,competition_and_cooperation,amici2012aversion,2012,padana
social,competition_and_cooperation,amici2014lack,2014,padana
social,competition_and_cooperation,liebal2014does,2014,padana
social,competition_and_cooperation,volter2015exploitation,2015,padana
social,competition_and_cooperation,liebal2017give,2017,padana
social,competition_and_cooperation,amici2018social,2018,padana
social,competition_and_cooperation,brauer2006apes,2006,patrick
social,competition_and_cooperation,herrmann2006apes,2006,patrick
social,competition_and_cooperation,russell2008image,2008,patrick
social,competition_and_cooperation,brauer2009apes,2009,patrick
social,competition_and_cooperation,greenberg2010chimpanzee,2010,patrick
social,competition_and_cooperation,engelmann2012five,2012,patrick
social,competition_and_cooperation,amici2014response,2014,patrick
social,competition_and_cooperation,liebal2017give,2017,patrick
social,competition_and_cooperation,brauer2006apes,2006,pia
social,competition_and_cooperation,greenberg2010chimpanzee,2010,pia
social,competition_and_cooperation,amici2014calculated,2014,pia
social,competition_and_cooperation,amici2014lack,2014,pia
social,competition_and_cooperation,duguid2014coordination,2014,pia
social,competition_and_cooperation,liebal2017give,2017,pia
social,competition_and_cooperation,knofe2019chimpanzees,2019,pia
social,competition_and_cooperation,brauer2006apes,2006,pini
social,competition_and_cooperation,russell2008image,2008,pini
social,competition_and_cooperation,brauer2009apes,2009,pini
social,competition_and_cooperation,amici2012aversion,2012,pini
social,competition_and_cooperation,amici2014calculated,2014,pini
social,competition_and_cooperation,amici2014lack,2014,pini
social,competition_and_cooperation,amici2014response,2014,pini
social,competition_and_cooperation,liebal2014does,2014,pini
social,competition_and_cooperation,volter2015exploitation,2015,pini
social,competition_and_cooperation,liebal2017give,2017,pini
social,competition_and_cooperation,amici2018social,2018,pini
social,competition_and_cooperation,amici2014calculated,2014,raja
social,competition_and_cooperation,amici2014lack,2014,raja
social,competition_and_cooperation,liebal2014does,2014,raja
social,competition_and_cooperation,liebal2017give,2017,raja
social,competition_and_cooperation,amici2018social,2018,raja
social,competition_and_cooperation,brauer2006apes,2006,riet
social,competition_and_cooperation,russell2008image,2008,riet
social,competition_and_cooperation,brauer2009apes,2009,riet
social,competition_and_cooperation,amici2012aversion,2012,riet
social,competition_and_cooperation,engelmann2012five,2012,riet
social,competition_and_cooperation,amici2014response,2014,riet
social,competition_and_cooperation,sanchez2016chimpanzees,2016,riet
social,competition_and_cooperation,liebal2017give,2017,riet
social,competition_and_cooperation,sanchez2017chimpanzees,2017,riet
social,competition_and_cooperation,wolf2019visually,2019,riet
social,competition_and_cooperation,herrmann2019human,2019,riet
social,competition_and_cooperation,knofe2019chimpanzees,2019,riet
social,competition_and_cooperation,bueno2020effects,2020,riet
social,competition_and_cooperation,duguid2020strategies,2020,riet
social,competition_and_cooperation,hepach2020help,2020,riet
social,competition_and_cooperation,wolf2020human,2020,riet
social,competition_and_cooperation,brauer2006apes,2006,robert
social,competition_and_cooperation,herrmann2006apes,2006,robert
social,competition_and_cooperation,russell2008image,2008,robert
social,competition_and_cooperation,brauer2009apes,2009,robert
social,competition_and_cooperation,greenberg2010chimpanzee,2010,robert
social,competition_and_cooperation,engelmann2012five,2012,robert
social,competition_and_cooperation,amici2014response,2014,robert
social,competition_and_cooperation,duguid2014coordination,2014,robert
social,competition_and_cooperation,sanchez2016chimpanzees,2016,robert
social,competition_and_cooperation,liebal2017give,2017,robert
social,competition_and_cooperation,sanchez2017chimpanzees,2017,robert
social,competition_and_cooperation,amici2018social,2018,robert
social,competition_and_cooperation,sanchez2019chimpanzees,2019,robert
social,competition_and_cooperation,wolf2019visually,2019,robert
social,competition_and_cooperation,herrmann2019human,2019,robert
social,competition_and_cooperation,knofe2019chimpanzees,2019,robert
social,competition_and_cooperation,bueno2020effects,2020,robert
social,competition_and_cooperation,duguid2020strategies,2020,robert
social,competition_and_cooperation,hepach2020help,2020,robert
social,competition_and_cooperation,hepach2021chimpanzees,2021,robert
social,competition_and_cooperation,liebal2014does,2014,roland
social,competition_and_cooperation,brauer2006apes,2006,ruby_b'windi
social,competition_and_cooperation,russell2008image,2008,ruby_b'windi
social,competition_and_cooperation,amici2012aversion,2012,ruby_b'windi
social,competition_and_cooperation,amici2014response,2014,ruby_b'windi
social,competition_and_cooperation,liebal2014does,2014,sabin
social,competition_and_cooperation,liebal2014does,2014,sallie
social,competition_and_cooperation,liebal2014does,2014,sally
social,competition_and_cooperation,liebal2014does,2014,sam
social,competition_and_cooperation,brauer2006apes,2006,sandra
social,competition_and_cooperation,herrmann2006apes,2006,sandra
social,competition_and_cooperation,russell2008image,2008,sandra
social,competition_and_cooperation,brauer2009apes,2009,sandra
social,competition_and_cooperation,greenberg2010chimpanzee,2010,sandra
social,competition_and_cooperation,amici2012aversion,2012,sandra
social,competition_and_cooperation,engelmann2012five,2012,sandra
social,competition_and_cooperation,amici2014lack,2014,sandra
social,competition_and_cooperation,amici2014response,2014,sandra
social,competition_and_cooperation,duguid2014coordination,2014,sandra
social,competition_and_cooperation,amici2014calculated,2014,sandra
social,competition_and_cooperation,sanchez2016chimpanzees,2016,sandra
social,competition_and_cooperation,liebal2017give,2017,sandra
social,competition_and_cooperation,sanchez2017chimpanzees,2017,sandra
social,competition_and_cooperation,schmelz2017chimpanzees,2017,sandra
social,competition_and_cooperation,grueneisen2017children,2017,sandra
social,competition_and_cooperation,amici2018social,2018,sandra
social,competition_and_cooperation,herrmann2019human,2019,sandra
social,competition_and_cooperation,sanchez2019chimpanzees,2019,sandra
social,competition_and_cooperation,wolf2019visually,2019,sandra
social,competition_and_cooperation,bueno2020effects,2020,sandra
social,competition_and_cooperation,duguid2020strategies,2020,sandra
social,competition_and_cooperation,hepach2020help,2020,sandra
social,competition_and_cooperation,schmelz2020psychological,2020,sandra
social,competition_and_cooperation,wolf2020human,2020,sandra
social,competition_and_cooperation,hepach2021chimpanzees,2021,sandra
social,competition_and_cooperation,nolte2021targeted,2021,sandra
social,competition_and_cooperation,sanchez2021chimpanzees,2021,sandra
social,competition_and_cooperation,volter2015exploitation,2015,suaq
social,competition_and_cooperation,liebal2017give,2017,suaq
social,competition_and_cooperation,engelmann2012five,2012,swela
social,competition_and_cooperation,liebal2017give,2017,swela
social,competition_and_cooperation,duguid2020strategies,2020,swela
social,competition_and_cooperation,brauer2009apes,2009,tai
social,competition_and_cooperation,engelmann2012five,2012,tai
social,competition_and_cooperation,amici2014lack,2014,tai
social,competition_and_cooperation,duguid2014coordination,2014,tai
social,competition_and_cooperation,sanchez2016chimpanzees,2016,tai
social,competition_and_cooperation,engelmann2017social,2017,tai
social,competition_and_cooperation,grueneisen2017children,2017,tai
social,competition_and_cooperation,liebal2017give,2017,tai
social,competition_and_cooperation,sanchez2017chimpanzees,2017,tai
social,competition_and_cooperation,schmelz2017chimpanzees,2017,tai
social,competition_and_cooperation,sanchez2018chimpanzees,2018,tai
social,competition_and_cooperation,herrmann2019human,2019,tai
social,competition_and_cooperation,knofe2019chimpanzees,2019,tai
social,competition_and_cooperation,sanchez2019chimpanzees,2019,tai
social,competition_and_cooperation,wolf2019visually,2019,tai
social,competition_and_cooperation,bueno2020effects,2020,tai
social,competition_and_cooperation,hepach2020help,2020,tai
social,competition_and_cooperation,schmelz2020psychological,2020,tai
social,competition_and_cooperation,wolf2020human,2020,tai
social,competition_and_cooperation,hepach2021chimpanzees,2021,tai
social,competition_and_cooperation,sanchez2021chimpanzees,2021,tai
social,competition_and_cooperation,volter2015exploitation,2015,tanah
social,competition_and_cooperation,liebal2017give,2017,tanah
social,competition_and_cooperation,brauer2006apes,2006,toba
social,competition_and_cooperation,liebal2014does,2014,tumbo
social,competition_and_cooperation,liebal2014does,2014,ulin
social,competition_and_cooperation,brauer2006apes,2006,ulindi
social,competition_and_cooperation,russell2008image,2008,ulindi
social,competition_and_cooperation,brauer2009apes,2009,ulindi
social,competition_and_cooperation,amici2012aversion,2012,ulindi
social,competition_and_cooperation,amici2014lack,2014,ulindi
social,competition_and_cooperation,liebal2014does,2014,ulindi
social,competition_and_cooperation,amici2014calculated,2014,ulindi
social,competition_and_cooperation,russell2008image,2008,ulla
social,competition_and_cooperation,greenberg2010chimpanzee,2010,ulla
social,competition_and_cooperation,engelmann2012five,2012,ulla
social,competition_and_cooperation,duguid2014coordination,2014,ulla
social,competition_and_cooperation,sanchez2016chimpanzees,2016,ulla
social,competition_and_cooperation,liebal2017give,2017,ulla
social,competition_and_cooperation,bueno2020effects,2020,ulla
social,competition_and_cooperation,duguid2020strategies,2020,ulla
social,competition_and_cooperation,hepach2020help,2020,ulla
social,competition_and_cooperation,hepach2021chimpanzees,2021,ulla
social,competition_and_cooperation,liebal2014does,2014,umugenzi
social,competition_and_cooperation,amici2012aversion,2012,unyoro
social,competition_and_cooperation,amici2014response,2014,unyoro
social,competition_and_cooperation,brauer2006apes,2006,viringika
social,competition_and_cooperation,amici2012aversion,2012,viringika
social,competition_and_cooperation,amici2014lack,2014,viringika
social,competition_and_cooperation,amici2014response,2014,viringika
social,competition_and_cooperation,liebal2014does,2014,viringika
social,competition_and_cooperation,amici2014calculated,2014,viringika
social,competition_and_cooperation,amici2018social,2018,viringika
social,competition_and_cooperation,brauer2006apes,2006,walter
social,competition_and_cooperation,russell2008image,2008,yasa
social,competition_and_cooperation,brauer2009apes,2009,yasa
social,competition_and_cooperation,amici2012aversion,2012,yasa
social,competition_and_cooperation,amici2014calculated,2014,yasa
social,competition_and_cooperation,amici2014lack,2014,yasa
social,competition_and_cooperation,amici2014response,2014,yasa
social,competition_and_cooperation,liebal2014does,2014,yasa
social,competition_and_cooperation,grueneisen2017children,2017,yasa
social,competition_and_cooperation,sanchez2017chimpanzees,2017,yasa
social,competition_and_cooperation,amici2018social,2018,yasa
social,competition_and_cooperation,wolf2019visually,2019,yasa
social,competition_and_cooperation,nolte2021targeted,2021,yasa
social,competition_and_cooperation,sanchez2021chimpanzees,2021,yasa
social,competition_and_cooperation,liebal2014does,2014,yasmin
social,competition_and_cooperation,wolf2019visually,2019,zira
social,competition_and_cooperation,wolf2020human,2020,zira
social,social_learning_and_culture,tennie2009ratcheting,2009,alex
social,social_learning_and_culture,tennie2010evidence,2010,alex
social,social_learning_and_culture,tennie2010two,2010,alex
social,social_learning_and_culture,allritz2013food,2013,alex
social,social_learning_and_culture,tennie2009ratcheting,2009,alexandra
social,social_learning_and_culture,tennie2010two,2010,alexandra
social,social_learning_and_culture,allritz2013food,2013,alexandra
social,social_learning_and_culture,tennie2009ratcheting,2009,annett
social,social_learning_and_culture,tennie2010evidence,2010,annett
social,social_learning_and_culture,tennie2010two,2010,annett
social,social_learning_and_culture,allritz2013food,2013,annett
social,social_learning_and_culture,leeuwen2017conservatism,2017,bangolo
social,social_learning_and_culture,forss2016cognitive,2016,batak
social,social_learning_and_culture,tennie2006push,2006,bebe
social,social_learning_and_culture,tennie2009ratcheting,2009,bebe
social,social_learning_and_culture,tennie2010two,2010,bebe
social,social_learning_and_culture,allritz2013food,2013,bebe
social,social_learning_and_culture,tennie2006push,2006,bimbo
social,social_learning_and_culture,tennie2009ratcheting,2009,bimbo
social,social_learning_and_culture,tennie2010two,2010,bimbo
social,social_learning_and_culture,allritz2013food,2013,bimbo
social,social_learning_and_culture,tennie2006push,2006,brent
social,social_learning_and_culture,tennie2010two,2010,corry
social,social_learning_and_culture,allritz2013food,2013,corry
social,social_learning_and_culture,leeuwen2014human,2014,corry
social,social_learning_and_culture,tennie2006push,2006,dokana
social,social_learning_and_culture,tennie2009ratcheting,2009,dokana
social,social_learning_and_culture,tennie2010two,2010,dokana
social,social_learning_and_culture,allritz2013food,2013,dokana
social,social_learning_and_culture,forss2016cognitive,2016,dokana
social,social_learning_and_culture,bandini2021individually,2021,dokana
social,social_learning_and_culture,tennie2010two,2010,dorien
social,social_learning_and_culture,leeuwen2013total,2013,dorien
social,social_learning_and_culture,leeuwen2017conservatism,2017,dorien
social,social_learning_and_culture,tennie2006push,2006,dunja
social,social_learning_and_culture,tennie2009ratcheting,2009,dunja
social,social_learning_and_culture,tennie2010two,2010,dunja
social,social_learning_and_culture,bandini2021individually,2021,dunja
social,social_learning_and_culture,tennie2006push,2006,fifi
social,social_learning_and_culture,tennie2009ratcheting,2009,fifi
social,social_learning_and_culture,tennie2010two,2010,fifi
social,social_learning_and_culture,allritz2013food,2013,fifi
social,social_learning_and_culture,tennie2006push,2006,fraukje
social,social_learning_and_culture,tennie2010evidence,2010,fraukje
social,social_learning_and_culture,tennie2010two,2010,fraukje
social,social_learning_and_culture,leeuwen2013total,2013,fraukje
social,social_learning_and_culture,leeuwen2014human,2014,fraukje
social,social_learning_and_culture,tennie2006push,2006,frodo
social,social_learning_and_culture,tennie2010two,2010,frodo
social,social_learning_and_culture,allritz2013food,2013,frodo
social,social_learning_and_culture,leeuwen2014human,2014,frodo
social,social_learning_and_culture,leeuwen2017conservatism,2017,frodo
social,social_learning_and_culture,tennie2006push,2006,gertrudia
social,social_learning_and_culture,tennie2009ratcheting,2009,gertrudia
social,social_learning_and_culture,tennie2010evidence,2010,gertrudia
social,social_learning_and_culture,tennie2010two,2010,gertrudia
social,social_learning_and_culture,allritz2013food,2013,gertrudia
social,social_learning_and_culture,tennie2006push,2006,gorgo
social,social_learning_and_culture,tennie2009ratcheting,2009,gorgo
social,social_learning_and_culture,tennie2010two,2010,gorgo
social,social_learning_and_culture,allritz2013food,2013,gorgo
social,social_learning_and_culture,tennie2006push,2006,jahaga
social,social_learning_and_culture,tennie2009ratcheting,2009,jahaga
social,social_learning_and_culture,tennie2010two,2010,jahaga
social,social_learning_and_culture,allritz2013food,2013,jahaga
social,social_learning_and_culture,tennie2006push,2006,joey
social,social_learning_and_culture,tennie2009ratcheting,2009,joey
social,social_learning_and_culture,tennie2010two,2010,joey
social,social_learning_and_culture,allritz2013food,2013,joey
social,social_learning_and_culture,leeuwen2013total,2013,kara
social,social_learning_and_culture,leeuwen2014human,2014,kara
social,social_learning_and_culture,leeuwen2017conservatism,2017,kara
social,social_learning_and_culture,allritz2013food,2013,kibara
social,social_learning_and_culture,forss2016cognitive,2016,kila
social,social_learning_and_culture,leeuwen2013total,2013,kofi
social,social_learning_and_culture,leeuwen2014human,2014,kofi
social,social_learning_and_culture,leeuwen2017conservatism,2017,kofi
social,social_learning_and_culture,tennie2006push,2006,kuno
social,social_learning_and_culture,tennie2009ratcheting,2009,kuno
social,social_learning_and_culture,tennie2010two,2010,kuno
social,social_learning_and_culture,allritz2013food,2013,kuno
social,social_learning_and_culture,tennie2006push,2006,limbuko
social,social_learning_and_culture,tennie2009ratcheting,2009,limbuko
social,social_learning_and_culture,tennie2010two,2010,limbuko
social,social_learning_and_culture,allritz2013food,2013,limbuko
social,social_learning_and_culture,allritz2013food,2013,lobo
social,social_learning_and_culture,leeuwen2013total,2013,lobo
social,social_learning_and_culture,leeuwen2014human,2014,lobo
social,social_learning_and_culture,leeuwen2017conservatism,2017,lobo
social,social_learning_and_culture,tennie2010two,2010,lome
social,social_learning_and_culture,allritz2013food,2013,lome
social,social_learning_and_culture,leeuwen2013total,2013,lome
social,social_learning_and_culture,leeuwen2014human,2014,lome
social,social_learning_and_culture,leeuwen2017conservatism,2017,lome
social,social_learning_and_culture,allritz2013food,2013,louna
social,social_learning_and_culture,tennie2006push,2006,natascha
social,social_learning_and_culture,tennie2010two,2010,natascha
social,social_learning_and_culture,allritz2013food,2013,natascha
social,social_learning_and_culture,leeuwen2014human,2014,natascha
social,social_learning_and_culture,tennie2006push,2006,n’diki
social,social_learning_and_culture,tennie2009ratcheting,2009,n’diki
social,social_learning_and_culture,tennie2010two,2010,n’diki
social,social_learning_and_culture,tennie2006push,2006,n’kwango
social,social_learning_and_culture,tennie2006push,2006,padana
social,social_learning_and_culture,tennie2009ratcheting,2009,padana
social,social_learning_and_culture,tennie2010two,2010,padana
social,social_learning_and_culture,allritz2013food,2013,padana
social,social_learning_and_culture,forss2016cognitive,2016,padana
social,social_learning_and_culture,bandini2021individually,2021,padana
social,social_learning_and_culture,tennie2006push,2006,patrick
social,social_learning_and_culture,tennie2010evidence,2010,patrick
social,social_learning_and_culture,tennie2010two,2010,patrick
social,social_learning_and_culture,allritz2013food,2013,patrick
social,social_learning_and_culture,tennie2010evidence,2010,pia
social,social_learning_and_culture,tennie2010two,2010,pia
social,social_learning_and_culture,allritz2013food,2013,pia
social,social_learning_and_culture,leeuwen2013total,2013,pia
social,social_learning_and_culture,tennie2006push,2006,pini
social,social_learning_and_culture,tennie2009ratcheting,2009,pini
social,social_learning_and_culture,tennie2010two,2010,pini
social,social_learning_and_culture,allritz2013food,2013,pini
social,social_learning_and_culture,forss2016cognitive,2016,pini
social,social_learning_and_culture,bandini2021individually,2021,pini
social,social_learning_and_culture,allritz2013food,2013,raja
social,social_learning_and_culture,forss2016cognitive,2016,raja
social,social_learning_and_culture,tennie2006push,2006,riet
social,social_learning_and_culture,tennie2010two,2010,riet
social,social_learning_and_culture,allritz2013food,2013,riet
social,social_learning_and_culture,leeuwen2014human,2014,riet
social,social_learning_and_culture,leeuwen2017conservatism,2017,riet
social,social_learning_and_culture,tennie2006push,2006,robert
social,social_learning_and_culture,tennie2010two,2010,robert
social,social_learning_and_culture,allritz2013food,2013,robert
social,social_learning_and_culture,leeuwen2014human,2014,robert
social,social_learning_and_culture,leeuwen2017conservatism,2017,robert
social,social_learning_and_culture,tennie2006push,2006,ruby_b'windi
social,social_learning_and_culture,tennie2009ratcheting,2009,ruby_b'windi
social,social_learning_and_culture,tennie2010two,2010,ruby_b'windi
social,social_learning_and_culture,tennie2006push,2006,sandra
social,social_learning_and_culture,tennie2010evidence,2010,sandra
social,social_learning_and_culture,tennie2010two,2010,sandra
social,social_learning_and_culture,allritz2013food,2013,sandra
social,social_learning_and_culture,leeuwen2014human,2014,sandra
social,social_learning_and_culture,forss2016cognitive,2016,suaq
social,social_learning_and_culture,tennie2010evidence,2010,swela
social,social_learning_and_culture,tennie2010two,2010,swela
social,social_learning_and_culture,allritz2013food,2013,swela
social,social_learning_and_culture,leeuwen2013total,2013,swela
social,social_learning_and_culture,leeuwen2014human,2014,swela
social,social_learning_and_culture,leeuwen2017conservatism,2017,swela
social,social_learning_and_culture,tennie2010two,2010,tai
social,social_learning_and_culture,allritz2013food,2013,tai
social,social_learning_and_culture,leeuwen2013total,2013,tai
social,social_learning_and_culture,leeuwen2014human,2014,tai
social,social_learning_and_culture,leeuwen2017conservatism,2017,tai
social,social_learning_and_culture,forss2016cognitive,2016,tanah
social,social_learning_and_culture,forss2016cognitive,2016,tao
social,social_learning_and_culture,tennie2006push,2006,toba
social,social_learning_and_culture,tennie2009ratcheting,2009,toba
social,social_learning_and_culture,forss2016cognitive,2016,toba
social,social_learning_and_culture,tennie2006push,2006,ulindi
social,social_learning_and_culture,tennie2009ratcheting,2009,ulindi
social,social_learning_and_culture,tennie2010two,2010,ulindi
social,social_learning_and_culture,tennie2006push,2006,ulla
social,social_learning_and_culture,tennie2010two,2010,ulla
social,social_learning_and_culture,leeuwen2013total,2013,ulla
social,social_learning_and_culture,leeuwen2014human,2014,ulla
social,social_learning_and_culture,tennie2009ratcheting,2009,unyoro
social,social_learning_and_culture,tennie2010evidence,2010,unyoro
social,social_learning_and_culture,tennie2010two,2010,unyoro
social,social_learning_and_culture,tennie2009ratcheting,2009,viringika
social,social_learning_and_culture,tennie2010two,2010,viringika
social,social_learning_and_culture,allritz2013food,2013,viringika
social,social_learning_and_culture,tennie2006push,2006,walter
social,social_learning_and_culture,tennie2009ratcheting,2009,walter
social,social_learning_and_culture,forss2016cognitive,2016,walter
social,social_learning_and_culture,tennie2009ratcheting,2009,yasa
social,social_learning_and_culture,tennie2010two,2010,yasa
social,social_learning_and_culture,tennie2009ratcheting,2009,zora
social,social_strategies_and_communication,bohn2015communication,2015,abeeku
social,social_strategies_and_communication,bohn2016role,2016,abeeku
social,social_strategies_and_communication,bohn2020learning,2020,abeeku
social,social_strategies_and_communication,tauzin2020context,2020,abeeku
social,social_strategies_and_communication,tempelmann2013apes,2013,alex
social,social_strategies_and_communication,bohn2015communication,2015,alex
social,social_strategies_and_communication,bohn2016comprehension,2016,alex
social,social_strategies_and_communication,bohn2016role,2016,alex
social,social_strategies_and_communication,halina2018goal,2018,alex
social,social_strategies_and_communication,kano2018human,2018,alex
social,social_strategies_and_communication,bohn2019natural,2019,alex
social,social_strategies_and_communication,bohn2020learning,2020,alex
social,social_strategies_and_communication,tauzin2020context,2020,alex
social,social_strategies_and_communication,herrmann2006apes,2006,alexandra
social,social_strategies_and_communication,tempelmann2013apes,2013,alexandra
social,social_strategies_and_communication,bohn2016comprehension,2016,alexandra
social,social_strategies_and_communication,halina2018goal,2018,alexandra
social,social_strategies_and_communication,bohn2019natural,2019,alexandra
social,social_strategies_and_communication,tempelmann2013apes,2013,annett
social,social_strategies_and_communication,bohn2016comprehension,2016,annett
social,social_strategies_and_communication,halina2018goal,2018,annett
social,social_strategies_and_communication,bohn2020learning,2020,bambari
social,social_strategies_and_communication,tauzin2020context,2020,bambari
social,social_strategies_and_communication,kano2018human,2018,bangolo
social,social_strategies_and_communication,bohn2020learning,2020,bangolo
social,social_strategies_and_communication,kano2018human,2018,batak
social,social_strategies_and_communication,tauzin2020context,2020,batak
social,social_strategies_and_communication,tempelmann2013apes,2013,bimbo
social,social_strategies_and_communication,bohn2015communication,2015,bimbo
social,social_strategies_and_communication,moore2015production,2015,bimbo
social,social_strategies_and_communication,bohn2016role,2016,bimbo
social,social_strategies_and_communication,bohn2019natural,2019,bimbo
social,social_strategies_and_communication,bohn2020learning,2020,bimbo
social,social_strategies_and_communication,tauzin2020context,2020,bimbo
social,social_strategies_and_communication,herrmann2006apes,2006,brent
social,social_strategies_and_communication,bohn2015communication,2015,brigitta
social,social_strategies_and_communication,bohn2016role,2016,brigitta
social,social_strategies_and_communication,brauer2006making,2006,corry
social,social_strategies_and_communication,herrmann2006apes,2006,corry
social,social_strategies_and_communication,liszkowski2009prelinguistic,2009,corry
social,social_strategies_and_communication,bohn2015communication,2015,daza
social,social_strategies_and_communication,bohn2016role,2016,daza
social,social_strategies_and_communication,kano2018human,2018,daza
social,social_strategies_and_communication,bohn2019natural,2019,daza
social,social_strategies_and_communication,bohn2020learning,2020,daza
social,social_strategies_and_communication,tauzin2020context,2020,daza
social,social_strategies_and_communication,bohn2015communication,2015,dokana
social,social_strategies_and_communication,moore2015production,2015,dokana
social,social_strategies_and_communication,bohn2016role,2016,dokana
social,social_strategies_and_communication,kano2018human,2018,dokana
social,social_strategies_and_communication,bohn2019natural,2019,dokana
social,social_strategies_and_communication,bohn2020learning,2020,dokana
social,social_strategies_and_communication,tauzin2020context,2020,dokana
social,social_strategies_and_communication,brauer2006making,2006,dorien
social,social_strategies_and_communication,liszkowski2009prelinguistic,2009,dorien
social,social_strategies_and_communication,kirchhofer2012dogs,2012,dorien
social,social_strategies_and_communication,bohn2015communication,2015,dorien
social,social_strategies_and_communication,bohn2020learning,2020,dorien
social,social_strategies_and_communication,tempelmann2013apes,2013,dunja
social,social_strategies_and_communication,brauer2006making,2006,fifi
social,social_strategies_and_communication,herrmann2006apes,2006,fifi
social,social_strategies_and_communication,liszkowski2009prelinguistic,2009,fifi
social,social_strategies_and_communication,bohn2016comprehension,2016,fifi
social,social_strategies_and_communication,bohn2015communication,2015,fimi
social,social_strategies_and_communication,bohn2016role,2016,fimi
social,social_strategies_and_communication,halina2018goal,2018,fimi
social,social_strategies_and_communication,kano2018human,2018,fimi
social,social_strategies_and_communication,bohn2019natural,2019,fimi
social,social_strategies_and_communication,bohn2020learning,2020,fimi
social,social_strategies_and_communication,tauzin2020context,2020,fimi
social,social_strategies_and_communication,brauer2006making,2006,fraukje
social,social_strategies_and_communication,herrmann2006apes,2006,fraukje
social,social_strategies_and_communication,liszkowski2009prelinguistic,2009,fraukje
social,social_strategies_and_communication,kirchhofer2012dogs,2012,fraukje
social,social_strategies_and_communication,bohn2015communication,2015,fraukje
social,social_strategies_and_communication,bohn2016comprehension,2016,fraukje
social,social_strategies_and_communication,bohn2016role,2016,fraukje
social,social_strategies_and_communication,kano2018human,2018,fraukje
social,social_strategies_and_communication,bohn2020learning,2020,fraukje
social,social_strategies_and_communication,bohn2015communication,2015,frederike
social,social_strategies_and_communication,bohn2016role,2016,frederike
social,social_strategies_and_communication,kano2018human,2018,frederike
social,social_strategies_and_communication,bohn2019natural,2019,frederike
social,social_strategies_and_communication,bohn2020learning,2020,frederike
social,social_strategies_and_communication,tauzin2020context,2020,frederike
social,social_strategies_and_communication,brauer2006making,2006,frodo
social,social_strategies_and_communication,herrmann2006apes,2006,frodo
social,social_strategies_and_communication,liszkowski2009prelinguistic,2009,frodo
social,social_strategies_and_communication,kirchhofer2012dogs,2012,frodo
social,social_strategies_and_communication,bohn2015communication,2015,frodo
social,social_strategies_and_communication,bohn2016comprehension,2016,frodo
social,social_strategies_and_communication,bohn2016role,2016,frodo
social,social_strategies_and_communication,kano2018human,2018,frodo
social,social_strategies_and_communication,bohn2020learning,2020,frodo
social,social_strategies_and_communication,bohn2015communication,2015,gemena
social,social_strategies_and_communication,bohn2016role,2016,gemena
social,social_strategies_and_communication,kano2018human,2018,gemena
social,social_strategies_and_communication,bohn2020learning,2020,gemena
social,social_strategies_and_communication,tauzin2020context,2020,gemena
social,social_strategies_and_communication,brauer2006making,2006,gertrudia
social,social_strategies_and_communication,herrmann2006apes,2006,gertrudia
social,social_strategies_and_communication,liszkowski2009prelinguistic,2009,gertrudia
social,social_strategies_and_communication,tempelmann2013apes,2013,gertrudia
social,social_strategies_and_communication,bohn2016comprehension,2016,gertrudia
social,social_strategies_and_communication,bohn2020learning,2020,hope
social,social_strategies_and_communication,tauzin2020context,2020,hope
social,social_strategies_and_communication,brauer2006making,2006,jahaga
social,social_strategies_and_communication,herrmann2006apes,2006,jahaga
social,social_strategies_and_communication,liszkowski2009prelinguistic,2009,jahaga
social,social_strategies_and_communication,bohn2015communication,2015,jahaga
social,social_strategies_and_communication,bohn2016comprehension,2016,jahaga
social,social_strategies_and_communication,bohn2016role,2016,jahaga
social,social_strategies_and_communication,halina2018goal,2018,jahaga
social,social_strategies_and_communication,kano2018human,2018,jahaga
social,social_strategies_and_communication,bohn2019natural,2019,jahaga
social,social_strategies_and_communication,bohn2015communication,2015,jasongo
social,social_strategies_and_communication,bohn2016role,2016,jasongo
social,social_strategies_and_communication,kano2018human,2018,jasongo
social,social_strategies_and_communication,tauzin2020context,2020,jasongo
social,social_strategies_and_communication,bohn2015communication,2015,jeudi
social,social_strategies_and_communication,bohn2016role,2016,jeudi
social,social_strategies_and_communication,kano2018human,2018,jeudi
social,social_strategies_and_communication,bohn2020learning,2020,jeudi
social,social_strategies_and_communication,tauzin2020context,2020,jeudi
social,social_strategies_and_communication,brauer2006making,2006,joey
social,social_strategies_and_communication,herrmann2006apes,2006,joey
social,social_strategies_and_communication,tempelmann2013apes,2013,joey
social,social_strategies_and_communication,kano2018human,2018,joey
social,social_strategies_and_communication,bohn2020learning,2020,joey
social,social_strategies_and_communication,tauzin2020context,2020,joey
social,social_strategies_and_communication,bohn2015communication,2015,kara
social,social_strategies_and_communication,bohn2016comprehension,2016,kara
social,social_strategies_and_communication,bohn2016role,2016,kara
social,social_strategies_and_communication,halina2018goal,2018,kara
social,social_strategies_and_communication,kano2018human,2018,kara
social,social_strategies_and_communication,kano2018human,2018,kasai_II
social,social_strategies_and_communication,bohn2015communication,2015,kibara
social,social_strategies_and_communication,bohn2016role,2016,kibara
social,social_strategies_and_communication,bohn2020learning,2020,kibara
social,social_strategies_and_communication,tauzin2020context,2020,kibara
social,social_strategies_and_communication,moore2015production,2015,kila
social,social_strategies_and_communication,bohn2015communication,2015,kisha
social,social_strategies_and_communication,bohn2016role,2016,kisha
social,social_strategies_and_communication,bohn2020learning,2020,kisha
social,social_strategies_and_communication,bohn2015communication,2015,kofi
social,social_strategies_and_communication,bohn2016comprehension,2016,kofi
social,social_strategies_and_communication,bohn2016role,2016,kofi
social,social_strategies_and_communication,halina2018goal,2018,kofi
social,social_strategies_and_communication,kano2018human,2018,kofi
social,social_strategies_and_communication,bohn2020learning,2020,kofi
social,social_strategies_and_communication,bohn2015communication,2015,kumili
social,social_strategies_and_communication,bohn2016role,2016,kumili
social,social_strategies_and_communication,bohn2020learning,2020,kumili
social,social_strategies_and_communication,tauzin2020context,2020,kumili
social,social_strategies_and_communication,brauer2006making,2006,kuno
social,social_strategies_and_communication,herrmann2006apes,2006,kuno
social,social_strategies_and_communication,tempelmann2013apes,2013,kuno
social,social_strategies_and_communication,bohn2015communication,2015,kuno
social,social_strategies_and_communication,bohn2016role,2016,kuno
social,social_strategies_and_communication,kano2018human,2018,kuno
social,social_strategies_and_communication,bohn2019natural,2019,kuno
social,social_strategies_and_communication,bohn2020learning,2020,kuno
social,social_strategies_and_communication,bohn2015communication,2015,lexi
social,social_strategies_and_communication,bohn2016role,2016,lexi
social,social_strategies_and_communication,kano2018human,2018,lexi
social,social_strategies_and_communication,bohn2019natural,2019,lexi
social,social_strategies_and_communication,bohn2020learning,2020,lexi
social,social_strategies_and_communication,tauzin2020context,2020,lexi
social,social_strategies_and_communication,brauer2006making,2006,limbuko
social,social_strategies_and_communication,herrmann2006apes,2006,limbuko
social,social_strategies_and_communication,tempelmann2013apes,2013,limbuko
social,social_strategies_and_communication,halina2018goal,2018,limbuko
social,social_strategies_and_communication,bohn2015communication,2015,lobo
social,social_strategies_and_communication,bohn2016role,2016,lobo
social,social_strategies_and_communication,kano2018human,2018,lobo
social,social_strategies_and_communication,bohn2020learning,2020,lobo
social,social_strategies_and_communication,liszkowski2009prelinguistic,2009,lome
social,social_strategies_and_communication,kirchhofer2012dogs,2012,lome
social,social_strategies_and_communication,bohn2015communication,2015,lome
social,social_strategies_and_communication,bohn2016comprehension,2016,lome
social,social_strategies_and_communication,bohn2016role,2016,lome
social,social_strategies_and_communication,kano2018human,2018,lome
social,social_strategies_and_communication,bohn2020learning,2020,lome
social,social_strategies_and_communication,bohn2015communication,2015,luiza
social,social_strategies_and_communication,bohn2016role,2016,luiza
social,social_strategies_and_communication,halina2018goal,2018,luiza
social,social_strategies_and_communication,kano2018human,2018,luiza
social,social_strategies_and_communication,bohn2019natural,2019,luiza
social,social_strategies_and_communication,bohn2020learning,2020,luiza
social,social_strategies_and_communication,tauzin2020context,2020,luiza
social,social_strategies_and_communication,brauer2006making,2006,natascha
social,social_strategies_and_communication,liszkowski2009prelinguistic,2009,natascha
social,social_strategies_and_communication,kirchhofer2012dogs,2012,natascha
social,social_strategies_and_communication,bohn2016comprehension,2016,natascha
social,social_strategies_and_communication,halina2018goal,2018,natascha
social,social_strategies_and_communication,kano2018human,2018,natascha
social,social_strategies_and_communication,bohn2020learning,2020,natascha
social,social_strategies_and_communication,tempelmann2013apes,2013,padana
social,social_strategies_and_communication,bohn2015communication,2015,padana
social,social_strategies_and_communication,moore2015production,2015,padana
social,social_strategies_and_communication,bohn2016role,2016,padana
social,social_strategies_and_communication,kano2018human,2018,padana
social,social_strategies_and_communication,bohn2019natural,2019,padana
social,social_strategies_and_communication,bohn2020learning,2020,padana
social,social_strategies_and_communication,tauzin2020context,2020,padana
social,social_strategies_and_communication,herrmann2006apes,2006,patrick
social,social_strategies_and_communication,liszkowski2009prelinguistic,2009,patrick
social,social_strategies_and_communication,kirchhofer2012dogs,2012,patrick
social,social_strategies_and_communication,liszkowski2009prelinguistic,2009,pia
social,social_strategies_and_communication,kirchhofer2012dogs,2012,pia
social,social_strategies_and_communication,bohn2016comprehension,2016,pia
social,social_strategies_and_communication,halina2018goal,2018,pia
social,social_strategies_and_communication,tempelmann2013apes,2013,pini
social,social_strategies_and_communication,bohn2015communication,2015,pini
social,social_strategies_and_communication,moore2015production,2015,pini
social,social_strategies_and_communication,bohn2016role,2016,pini
social,social_strategies_and_communication,kano2018human,2018,pini
social,social_strategies_and_communication,bohn2019natural,2019,pini
social,social_strategies_and_communication,bohn2020learning,2020,pini
social,social_strategies_and_communication,tauzin2020context,2020,pini
social,social_strategies_and_communication,bohn2015communication,2015,raja
social,social_strategies_and_communication,moore2015production,2015,raja
social,social_strategies_and_communication,bohn2016role,2016,raja
social,social_strategies_and_communication,kano2018human,2018,raja
social,social_strategies_and_communication,bohn2020learning,2020,raja
social,social_strategies_and_communication,tauzin2020context,2020,raja
social,social_strategies_and_communication,brauer2006making,2006,riet
social,social_strategies_and_communication,liszkowski2009prelinguistic,2009,riet
social,social_strategies_and_communication,bohn2015communication,2015,riet
social,social_strategies_and_communication,bohn2016role,2016,riet
social,social_strategies_and_communication,kano2018human,2018,riet
social,social_strategies_and_communication,bohn2020learning,2020,riet
social,social_strategies_and_communication,brauer2006making,2006,robert
social,social_strategies_and_communication,herrmann2006apes,2006,robert
social,social_strategies_and_communication,liszkowski2009prelinguistic,2009,robert
social,social_strategies_and_communication,kirchhofer2012dogs,2012,robert
social,social_strategies_and_communication,bohn2015communication,2015,robert
social,social_strategies_and_communication,bohn2016comprehension,2016,robert
social,social_strategies_and_communication,bohn2016role,2016,robert
social,social_strategies_and_communication,kano2018human,2018,robert
social,social_strategies_and_communication,bohn2020learning,2020,robert
social,social_strategies_and_communication,brauer2006making,2006,sandra
social,social_strategies_and_communication,herrmann2006apes,2006,sandra
social,social_strategies_and_communication,liszkowski2009prelinguistic,2009,sandra
social,social_strategies_and_communication,kirchhofer2012dogs,2012,sandra
social,social_strategies_and_communication,bohn2015communication,2015,sandra
social,social_strategies_and_communication,bohn2016comprehension,2016,sandra
social,social_strategies_and_communication,bohn2016role,2016,sandra
social,social_strategies_and_communication,halina2018goal,2018,sandra
social,social_strategies_and_communication,kano2018human,2018,sandra
social,social_strategies_and_communication,bohn2020learning,2020,sandra
social,social_strategies_and_communication,bohn2015communication,2015,suaq
social,social_strategies_and_communication,bohn2016role,2016,suaq
social,social_strategies_and_communication,kano2018human,2018,suaq
social,social_strategies_and_communication,bohn2020learning,2020,suaq
social,social_strategies_and_communication,tauzin2020context,2020,suaq
social,social_strategies_and_communication,liszkowski2009prelinguistic,2009,swela
social,social_strategies_and_communication,bohn2015communication,2015,swela
social,social_strategies_and_communication,bohn2016role,2016,swela
social,social_strategies_and_communication,bohn2020learning,2020,swela
social,social_strategies_and_communication,kirchhofer2012dogs,2012,tai
social,social_strategies_and_communication,bohn2015communication,2015,tai
social,social_strategies_and_communication,bohn2016role,2016,tai
social,social_strategies_and_communication,kano2018human,2018,tai
social,social_strategies_and_communication,bohn2020learning,2020,tai
social,social_strategies_and_communication,kano2018human,2018,tanah
social,social_strategies_and_communication,tauzin2020context,2020,tanah
social,social_strategies_and_communication,brauer2006making,2006,ulindi
social,social_strategies_and_communication,tempelmann2013apes,2013,ulindi
social,social_strategies_and_communication,brauer2006making,2006,ulla
social,social_strategies_and_communication,liszkowski2009prelinguistic,2009,ulla
social,social_strategies_and_communication,kirchhofer2012dogs,2012,ulla
social,social_strategies_and_communication,bohn2015communication,2015,viringika
social,social_strategies_and_communication,bohn2016role,2016,viringika
social,social_strategies_and_communication,kano2018human,2018,yaro
social,social_strategies_and_communication,bohn2015communication,2015,yasa
social,social_strategies_and_communication,bohn2016role,2016,yasa
social,social_strategies_and_communication,kano2018human,2018,yasa
social,social_strategies_and_communication,bohn2019natural,2019,yasa
social,social_strategies_and_communication,bohn2020learning,2020,yasa
social,social_strategies_and_communication,tauzin2020context,2020,yasa
social,social_strategies_and_communication,tauzin2020context,2020,zira
social,theory_of_mind_and_metacognition,schmid2017great,2017,abeeku
social,theory_of_mind_and_metacognition,russell2008image,2008,alex
social,theory_of_mind_and_metacognition,schmelz2011chimpanzees,2011,alex
social,theory_of_mind_and_metacognition,kano2014cross,2014,alex
social,theory_of_mind_and_metacognition,kano2014great,2014,alex
social,theory_of_mind_and_metacognition,kano2015social,2015,alex
social,theory_of_mind_and_metacognition,karg2016differing,2016,alex
social,theory_of_mind_and_metacognition,krupenye2016great,2016,alex
social,theory_of_mind_and_metacognition,buttelmann2017great,2017,alex
social,theory_of_mind_and_metacognition,grueneisen2017children,2017,alex
social,theory_of_mind_and_metacognition,krupenye2017test,2017,alex
social,theory_of_mind_and_metacognition,schmid2017great,2017,alex
social,theory_of_mind_and_metacognition,kano2018human,2018,alex
social,theory_of_mind_and_metacognition,kano2019great,2019,alex
social,theory_of_mind_and_metacognition,allritz2021chimpanzees,2021,alex
social,theory_of_mind_and_metacognition,kopp2021small,2021,alex
social,theory_of_mind_and_metacognition,brauer2005all,2005,alexandra
social,theory_of_mind_and_metacognition,russell2008image,2008,alexandra
social,theory_of_mind_and_metacognition,schmelz2011chimpanzees,2011,alexandra
social,theory_of_mind_and_metacognition,karg2016differing,2016,alexandra
social,theory_of_mind_and_metacognition,buttelmann2017great,2017,alexandra
social,theory_of_mind_and_metacognition,grueneisen2017children,2017,alexandra
social,theory_of_mind_and_metacognition,schmid2017great,2017,alexandra
social,theory_of_mind_and_metacognition,brauer2005all,2005,annett
social,theory_of_mind_and_metacognition,russell2008image,2008,annett
social,theory_of_mind_and_metacognition,schmelz2011chimpanzees,2011,annett
social,theory_of_mind_and_metacognition,buttelmann2017great,2017,annett
social,theory_of_mind_and_metacognition,krupenye2017test,2017,azibo
social,theory_of_mind_and_metacognition,kano2019great,2019,azibo
social,theory_of_mind_and_metacognition,kopp2021small,2021,azibo
social,theory_of_mind_and_metacognition,krupenye2017test,2017,bambari
social,theory_of_mind_and_metacognition,kopp2021small,2021,bambari
social,theory_of_mind_and_metacognition,kano2014cross,2014,bangolo
social,theory_of_mind_and_metacognition,kano2014great,2014,bangolo
social,theory_of_mind_and_metacognition,kano2015social,2015,bangolo
social,theory_of_mind_and_metacognition,krupenye2016great,2016,bangolo
social,theory_of_mind_and_metacognition,bohn2017information,2017,bangolo
social,theory_of_mind_and_metacognition,krupenye2017test,2017,bangolo
social,theory_of_mind_and_metacognition,schmid2017great,2017,bangolo
social,theory_of_mind_and_metacognition,kano2018human,2018,bangolo
social,theory_of_mind_and_metacognition,kopp2021small,2021,bangolo
social,theory_of_mind_and_metacognition,kano2014cross,2014,batak
social,theory_of_mind_and_metacognition,kano2014great,2014,batak
social,theory_of_mind_and_metacognition,krupenye2016great,2016,batak
social,theory_of_mind_and_metacognition,bohn2017information,2017,batak
social,theory_of_mind_and_metacognition,krupenye2017test,2017,batak
social,theory_of_mind_and_metacognition,kano2018human,2018,batak
social,theory_of_mind_and_metacognition,brauer2005all,2005,bebe
social,theory_of_mind_and_metacognition,buttelmann2008behavioral,2008,bebe
social,theory_of_mind_and_metacognition,russell2008image,2008,bebe
social,theory_of_mind_and_metacognition,brauer2005all,2005,bimbo
social,theory_of_mind_and_metacognition,suda2006what,2006,bimbo
social,theory_of_mind_and_metacognition,buttelmann2008behavioral,2008,bimbo
social,theory_of_mind_and_metacognition,russell2008image,2008,bimbo
social,theory_of_mind_and_metacognition,bohn2017information,2017,bimbo
social,theory_of_mind_and_metacognition,buttelmann2017great,2017,bimbo
social,theory_of_mind_and_metacognition,schmid2017great,2017,bimbo
social,theory_of_mind_and_metacognition,brauer2005all,2005,brent
social,theory_of_mind_and_metacognition,buttelmann2008behavioral,2008,brent
social,theory_of_mind_and_metacognition,russell2008image,2008,brent
social,theory_of_mind_and_metacognition,buttelmann2017great,2017,brigitta
social,theory_of_mind_and_metacognition,brauer2006making,2006,corry
social,theory_of_mind_and_metacognition,brauer2007chimpanzees,2007,corry
social,theory_of_mind_and_metacognition,russell2008image,2008,corry
social,theory_of_mind_and_metacognition,kopp2021small,2021,corry
social,theory_of_mind_and_metacognition,krupenye2016great,2016,daza
social,theory_of_mind_and_metacognition,krupenye2017test,2017,daza
social,theory_of_mind_and_metacognition,kano2018human,2018,daza
social,theory_of_mind_and_metacognition,kano2019great,2019,daza
social,theory_of_mind_and_metacognition,kopp2021small,2021,daza
social,theory_of_mind_and_metacognition,buttelmann2008behavioral,2008,dokana
social,theory_of_mind_and_metacognition,russell2008image,2008,dokana
social,theory_of_mind_and_metacognition,kano2014cross,2014,dokana
social,theory_of_mind_and_metacognition,kano2014great,2014,dokana
social,theory_of_mind_and_metacognition,krupenye2016great,2016,dokana
social,theory_of_mind_and_metacognition,bohn2017information,2017,dokana
social,theory_of_mind_and_metacognition,buttelmann2017great,2017,dokana
social,theory_of_mind_and_metacognition,krupenye2017test,2017,dokana
social,theory_of_mind_and_metacognition,schmid2017great,2017,dokana
social,theory_of_mind_and_metacognition,kano2018human,2018,dokana
social,theory_of_mind_and_metacognition,kano2019great,2019,dokana
social,theory_of_mind_and_metacognition,brauer2006making,2006,dorien
social,theory_of_mind_and_metacognition,brauer2007chimpanzees,2007,dorien
social,theory_of_mind_and_metacognition,russell2008image,2008,dorien
social,theory_of_mind_and_metacognition,schmelz2013chimpanzees,2013,dorien
social,theory_of_mind_and_metacognition,karg2016differing,2016,dorien
social,theory_of_mind_and_metacognition,bohn2017information,2017,dorien
social,theory_of_mind_and_metacognition,buttelmann2017great,2017,dorien
social,theory_of_mind_and_metacognition,schmid2017great,2017,dorien
social,theory_of_mind_and_metacognition,kano2019great,2019,dorien
social,theory_of_mind_and_metacognition,kopp2021small,2021,dorien
social,theory_of_mind_and_metacognition,brauer2005all,2005,dunja
social,theory_of_mind_and_metacognition,suda2006what,2006,dunja
social,theory_of_mind_and_metacognition,buttelmann2008behavioral,2008,dunja
social,theory_of_mind_and_metacognition,russell2008image,2008,dunja
social,theory_of_mind_and_metacognition,brauer2006making,2006,fifi
social,theory_of_mind_and_metacognition,suda2006what,2006,fifi
social,theory_of_mind_and_metacognition,brauer2007chimpanzees,2007,fifi
social,theory_of_mind_and_metacognition,buttelmann2008behavioral,2008,fifi
social,theory_of_mind_and_metacognition,russell2008image,2008,fifi
social,theory_of_mind_and_metacognition,schmelz2011chimpanzees,2011,fifi
social,theory_of_mind_and_metacognition,kano2014cross,2014,fifi
social,theory_of_mind_and_metacognition,kano2015social,2015,fifi
social,theory_of_mind_and_metacognition,karg2016differing,2016,fifi
social,theory_of_mind_and_metacognition,buttelmann2017great,2017,fifi
social,theory_of_mind_and_metacognition,kano2014cross,2014,fimi
social,theory_of_mind_and_metacognition,kano2014great,2014,fimi
social,theory_of_mind_and_metacognition,kano2015social,2015,fimi
social,theory_of_mind_and_metacognition,krupenye2016great,2016,fimi
social,theory_of_mind_and_metacognition,krupenye2017test,2017,fimi
social,theory_of_mind_and_metacognition,schmid2017great,2017,fimi
social,theory_of_mind_and_metacognition,grueneisen2017children,2017,fimi
social,theory_of_mind_and_metacognition,kano2018human,2018,fimi
social,theory_of_mind_and_metacognition,brauer2005all,2005,fraukje
social,theory_of_mind_and_metacognition,brauer2006making,2006,fraukje
social,theory_of_mind_and_metacognition,suda2006what,2006,fraukje
social,theory_of_mind_and_metacognition,brauer2007chimpanzees,2007,fraukje
social,theory_of_mind_and_metacognition,buttelmann2008behavioral,2008,fraukje
social,theory_of_mind_and_metacognition,russell2008image,2008,fraukje
social,theory_of_mind_and_metacognition,schmelz2013chimpanzees,2013,fraukje
social,theory_of_mind_and_metacognition,kano2014cross,2014,fraukje
social,theory_of_mind_and_metacognition,kano2014great,2014,fraukje
social,theory_of_mind_and_metacognition,kano2015social,2015,fraukje
social,theory_of_mind_and_metacognition,karg2016differing,2016,fraukje
social,theory_of_mind_and_metacognition,krupenye2016great,2016,fraukje
social,theory_of_mind_and_metacognition,buttelmann2017great,2017,fraukje
social,theory_of_mind_and_metacognition,krupenye2017test,2017,fraukje
social,theory_of_mind_and_metacognition,schmid2017great,2017,fraukje
social,theory_of_mind_and_metacognition,kano2018human,2018,fraukje
social,theory_of_mind_and_metacognition,kano2019great,2019,fraukje
social,theory_of_mind_and_metacognition,kopp2021small,2021,fraukje
social,theory_of_mind_and_metacognition,krupenye2016great,2016,frederike
social,theory_of_mind_and_metacognition,buttelmann2017great,2017,frederike
social,theory_of_mind_and_metacognition,krupenye2017test,2017,frederike
social,theory_of_mind_and_metacognition,schmid2017great,2017,frederike
social,theory_of_mind_and_metacognition,kano2018human,2018,frederike
social,theory_of_mind_and_metacognition,kano2019great,2019,frederike
social,theory_of_mind_and_metacognition,kopp2021small,2021,frederike
social,theory_of_mind_and_metacognition,brauer2005all,2005,frodo
social,theory_of_mind_and_metacognition,brauer2006making,2006,frodo
social,theory_of_mind_and_metacognition,brauer2007chimpanzees,2007,frodo
social,theory_of_mind_and_metacognition,buttelmann2008behavioral,2008,frodo
social,theory_of_mind_and_metacognition,russell2008image,2008,frodo
social,theory_of_mind_and_metacognition,schmelz2011chimpanzees,2011,frodo
social,theory_of_mind_and_metacognition,karg2016differing,2016,frodo
social,theory_of_mind_and_metacognition,bohn2017information,2017,frodo
social,theory_of_mind_and_metacognition,buttelmann2017great,2017,frodo
social,theory_of_mind_and_metacognition,grueneisen2017children,2017,frodo
social,theory_of_mind_and_metacognition,krupenye2017test,2017,frodo
social,theory_of_mind_and_metacognition,kano2018human,2018,frodo
social,theory_of_mind_and_metacognition,kano2019great,2019,frodo
social,theory_of_mind_and_metacognition,kopp2021small,2021,frodo
social,theory_of_mind_and_metacognition,krupenye2016great,2016,gemena
social,theory_of_mind_and_metacognition,krupenye2017test,2017,gemena
social,theory_of_mind_and_metacognition,kano2018human,2018,gemena
social,theory_of_mind_and_metacognition,kano2019great,2019,gemena
social,theory_of_mind_and_metacognition,brauer2006making,2006,gertrudia
social,theory_of_mind_and_metacognition,brauer2007chimpanzees,2007,gertrudia
social,theory_of_mind_and_metacognition,buttelmann2008behavioral,2008,gertrudia
social,theory_of_mind_and_metacognition,russell2008image,2008,gertrudia
social,theory_of_mind_and_metacognition,schmelz2011chimpanzees,2011,gertrudia
social,theory_of_mind_and_metacognition,kano2014cross,2014,gertrudia
social,theory_of_mind_and_metacognition,kano2015social,2015,gertrudia
social,theory_of_mind_and_metacognition,karg2016differing,2016,gertrudia
social,theory_of_mind_and_metacognition,buttelmann2017great,2017,gertrudia
social,theory_of_mind_and_metacognition,brauer2005all,2005,gorgo
social,theory_of_mind_and_metacognition,buttelmann2008behavioral,2008,gorgo
social,theory_of_mind_and_metacognition,russell2008image,2008,gorgo
social,theory_of_mind_and_metacognition,krupenye2017test,2017,hope
social,theory_of_mind_and_metacognition,kano2019great,2019,hope
social,theory_of_mind_and_metacognition,kopp2021small,2021,hope
social,theory_of_mind_and_metacognition,brauer2006making,2006,jahaga
social,theory_of_mind_and_metacognition,suda2006what,2006,jahaga
social,theory_of_mind_and_metacognition,brauer2007chimpanzees,2007,jahaga
social,theory_of_mind_and_metacognition,buttelmann2008behavioral,2008,jahaga
social,theory_of_mind_and_metacognition,russell2008image,2008,jahaga
social,theory_of_mind_and_metacognition,schmelz2011chimpanzees,2011,jahaga
social,theory_of_mind_and_metacognition,kano2014cross,2014,jahaga
social,theory_of_mind_and_metacognition,kano2014great,2014,jahaga
social,theory_of_mind_and_metacognition,kano2015social,2015,jahaga
social,theory_of_mind_and_metacognition,karg2016differing,2016,jahaga
social,theory_of_mind_and_metacognition,krupenye2016great,2016,jahaga
social,theory_of_mind_and_metacognition,buttelmann2017great,2017,jahaga
social,theory_of_mind_and_metacognition,krupenye2017test,2017,jahaga
social,theory_of_mind_and_metacognition,schmid2017great,2017,jahaga
social,theory_of_mind_and_metacognition,grueneisen2017children,2017,jahaga
social,theory_of_mind_and_metacognition,kano2018human,2018,jahaga
social,theory_of_mind_and_metacognition,allritz2021chimpanzees,2021,jahaga
social,theory_of_mind_and_metacognition,kano2014cross,2014,jasongo
social,theory_of_mind_and_metacognition,kano2015social,2015,jasongo
social,theory_of_mind_and_metacognition,krupenye2016great,2016,jasongo
social,theory_of_mind_and_metacognition,buttelmann2017great,2017,jasongo
social,theory_of_mind_and_metacognition,krupenye2017test,2017,jasongo
social,theory_of_mind_and_metacognition,schmid2017great,2017,jasongo
social,theory_of_mind_and_metacognition,kano2018human,2018,jasongo
social,theory_of_mind_and_metacognition,kano2019great,2019,jasongo
social,theory_of_mind_and_metacognition,krupenye2016great,2016,jeudi
social,theory_of_mind_and_metacognition,krupenye2017test,2017,jeudi
social,theory_of_mind_and_metacognition,schmid2017great,2017,jeudi
social,theory_of_mind_and_metacognition,kano2018human,2018,jeudi
social,theory_of_mind_and_metacognition,kano2019great,2019,jeudi
social,theory_of_mind_and_metacognition,kopp2021small,2021,jeudi
social,theory_of_mind_and_metacognition,brauer2005all,2005,joey
social,theory_of_mind_and_metacognition,brauer2006making,2006,joey
social,theory_of_mind_and_metacognition,suda2006what,2006,joey
social,theory_of_mind_and_metacognition,buttelmann2008behavioral,2008,joey
social,theory_of_mind_and_metacognition,russell2008image,2008,joey
social,theory_of_mind_and_metacognition,kano2014cross,2014,joey
social,theory_of_mind_and_metacognition,kano2015social,2015,joey
social,theory_of_mind_and_metacognition,buttelmann2017great,2017,joey
social,theory_of_mind_and_metacognition,schmid2017great,2017,joey
social,theory_of_mind_and_metacognition,kano2018human,2018,joey
social,theory_of_mind_and_metacognition,kano2014cross,2014,kara
social,theory_of_mind_and_metacognition,kano2014great,2014,kara
social,theory_of_mind_and_metacognition,kano2015social,2015,kara
social,theory_of_mind_and_metacognition,krupenye2016great,2016,kara
social,theory_of_mind_and_metacognition,karg2016differing,2016,kara
social,theory_of_mind_and_metacognition,buttelmann2017great,2017,kara
social,theory_of_mind_and_metacognition,grueneisen2017children,2017,kara
social,theory_of_mind_and_metacognition,krupenye2017test,2017,kara
social,theory_of_mind_and_metacognition,schmid2017great,2017,kara
social,theory_of_mind_and_metacognition,kano2018human,2018,kara
social,theory_of_mind_and_metacognition,krupenye2016great,2016,kasai_II
social,theory_of_mind_and_metacognition,krupenye2017test,2017,kasai_II
social,theory_of_mind_and_metacognition,kano2018human,2018,kasai_II
social,theory_of_mind_and_metacognition,kano2019great,2019,kasai_II
social,theory_of_mind_and_metacognition,schmid2017great,2017,kibara
social,theory_of_mind_and_metacognition,krupenye2017test,2017,kisha
social,theory_of_mind_and_metacognition,kano2019great,2019,kisha
social,theory_of_mind_and_metacognition,kopp2021small,2021,kisha
social,theory_of_mind_and_metacognition,kano2014cross,2014,kofi
social,theory_of_mind_and_metacognition,kano2014great,2014,kofi
social,theory_of_mind_and_metacognition,kano2015social,2015,kofi
social,theory_of_mind_and_metacognition,krupenye2016great,2016,kofi
social,theory_of_mind_and_metacognition,bohn2017information,2017,kofi
social,theory_of_mind_and_metacognition,buttelmann2017great,2017,kofi
social,theory_of_mind_and_metacognition,grueneisen2017children,2017,kofi
social,theory_of_mind_and_metacognition,krupenye2017test,2017,kofi
social,theory_of_mind_and_metacognition,schmid2017great,2017,kofi
social,theory_of_mind_and_metacognition,kano2018human,2018,kofi
social,theory_of_mind_and_metacognition,allritz2021chimpanzees,2021,kofi
social,theory_of_mind_and_metacognition,kopp2021small,2021,kofi
social,theory_of_mind_and_metacognition,schmid2017great,2017,kumili
social,theory_of_mind_and_metacognition,brauer2005all,2005,kuno
social,theory_of_mind_and_metacognition,brauer2006making,2006,kuno
social,theory_of_mind_and_metacognition,suda2006what,2006,kuno
social,theory_of_mind_and_metacognition,buttelmann2008behavioral,2008,kuno
social,theory_of_mind_and_metacognition,russell2008image,2008,kuno
social,theory_of_mind_and_metacognition,kano2014cross,2014,kuno
social,theory_of_mind_and_metacognition,kano2014great,2014,kuno
social,theory_of_mind_and_metacognition,kano2015social,2015,kuno
social,theory_of_mind_and_metacognition,krupenye2016great,2016,kuno
social,theory_of_mind_and_metacognition,grueneisen2017children,2017,kuno
social,theory_of_mind_and_metacognition,krupenye2017test,2017,kuno
social,theory_of_mind_and_metacognition,schmid2017great,2017,kuno
social,theory_of_mind_and_metacognition,kano2018human,2018,kuno
social,theory_of_mind_and_metacognition,kano2019great,2019,kuno
social,theory_of_mind_and_metacognition,krupenye2016great,2016,lexi
social,theory_of_mind_and_metacognition,buttelmann2017great,2017,lexi
social,theory_of_mind_and_metacognition,grueneisen2017children,2017,lexi
social,theory_of_mind_and_metacognition,krupenye2017test,2017,lexi
social,theory_of_mind_and_metacognition,schmid2017great,2017,lexi
social,theory_of_mind_and_metacognition,kano2018human,2018,lexi
social,theory_of_mind_and_metacognition,kano2019great,2019,lexi
social,theory_of_mind_and_metacognition,brauer2005all,2005,limbuko
social,theory_of_mind_and_metacognition,brauer2006making,2006,limbuko
social,theory_of_mind_and_metacognition,suda2006what,2006,limbuko
social,theory_of_mind_and_metacognition,buttelmann2008behavioral,2008,limbuko
social,theory_of_mind_and_metacognition,russell2008image,2008,limbuko
social,theory_of_mind_and_metacognition,schmelz2013chimpanzees,2013,lobo
social,theory_of_mind_and_metacognition,kano2014cross,2014,lobo
social,theory_of_mind_and_metacognition,kano2014great,2014,lobo
social,theory_of_mind_and_metacognition,kano2015social,2015,lobo
social,theory_of_mind_and_metacognition,karg2016differing,2016,lobo
social,theory_of_mind_and_metacognition,krupenye2016great,2016,lobo
social,theory_of_mind_and_metacognition,buttelmann2017great,2017,lobo
social,theory_of_mind_and_metacognition,grueneisen2017children,2017,lobo
social,theory_of_mind_and_metacognition,krupenye2017test,2017,lobo
social,theory_of_mind_and_metacognition,schmid2017great,2017,lobo
social,theory_of_mind_and_metacognition,kano2018human,2018,lobo
social,theory_of_mind_and_metacognition,kano2019great,2019,lobo
social,theory_of_mind_and_metacognition,kopp2021small,2021,lobo
social,theory_of_mind_and_metacognition,schmelz2011chimpanzees,2011,lome
social,theory_of_mind_and_metacognition,schmelz2013chimpanzees,2013,lome
social,theory_of_mind_and_metacognition,kano2014cross,2014,lome
social,theory_of_mind_and_metacognition,kano2014great,2014,lome
social,theory_of_mind_and_metacognition,kano2015social,2015,lome
social,theory_of_mind_and_metacognition,karg2016differing,2016,lome
social,theory_of_mind_and_metacognition,krupenye2016great,2016,lome
social,theory_of_mind_and_metacognition,buttelmann2017great,2017,lome
social,theory_of_mind_and_metacognition,grueneisen2017children,2017,lome
social,theory_of_mind_and_metacognition,krupenye2017test,2017,lome
social,theory_of_mind_and_metacognition,schmid2017great,2017,lome
social,theory_of_mind_and_metacognition,kano2018human,2018,lome
social,theory_of_mind_and_metacognition,kano2019great,2019,lome
social,theory_of_mind_and_metacognition,kopp2021small,2021,lome
social,theory_of_mind_and_metacognition,kano2014cross,2014,loto
social,theory_of_mind_and_metacognition,kano2015social,2015,loto
social,theory_of_mind_and_metacognition,kano2014cross,2014,luiza
social,theory_of_mind_and_metacognition,kano2014great,2014,luiza
social,theory_of_mind_and_metacognition,kano2015social,2015,luiza
social,theory_of_mind_and_metacognition,krupenye2016great,2016,luiza
social,theory_of_mind_and_metacognition,buttelmann2017great,2017,luiza
social,theory_of_mind_and_metacognition,grueneisen2017children,2017,luiza
social,theory_of_mind_and_metacognition,krupenye2017test,2017,luiza
social,theory_of_mind_and_metacognition,schmid2017great,2017,luiza
social,theory_of_mind_and_metacognition,kano2018human,2018,luiza
social,theory_of_mind_and_metacognition,kano2019great,2019,luiza
social,theory_of_mind_and_metacognition,kopp2021small,2021,maja
social,theory_of_mind_and_metacognition,kopp2021small,2021,makeni
social,theory_of_mind_and_metacognition,brauer2005all,2005,natascha
social,theory_of_mind_and_metacognition,brauer2006making,2006,natascha
social,theory_of_mind_and_metacognition,brauer2007chimpanzees,2007,natascha
social,theory_of_mind_and_metacognition,buttelmann2008behavioral,2008,natascha
social,theory_of_mind_and_metacognition,russell2008image,2008,natascha
social,theory_of_mind_and_metacognition,schmelz2013chimpanzees,2013,natascha
social,theory_of_mind_and_metacognition,karg2016differing,2016,natascha
social,theory_of_mind_and_metacognition,buttelmann2017great,2017,natascha
social,theory_of_mind_and_metacognition,krupenye2017test,2017,natascha
social,theory_of_mind_and_metacognition,kano2018human,2018,natascha
social,theory_of_mind_and_metacognition,kopp2021small,2021,natascha
social,theory_of_mind_and_metacognition,brauer2005all,2005,n’diki
social,theory_of_mind_and_metacognition,buttelmann2008behavioral,2008,n’diki
social,theory_of_mind_and_metacognition,russell2008image,2008,n’diki
social,theory_of_mind_and_metacognition,brauer2005all,2005,n’kwango
social,theory_of_mind_and_metacognition,buttelmann2008behavioral,2008,n’kwango
social,theory_of_mind_and_metacognition,kopp2021small,2021,ohini
social,theory_of_mind_and_metacognition,brauer2005all,2005,padana
social,theory_of_mind_and_metacognition,buttelmann2008behavioral,2008,padana
social,theory_of_mind_and_metacognition,russell2008image,2008,padana
social,theory_of_mind_and_metacognition,kano2014cross,2014,padana
social,theory_of_mind_and_metacognition,kano2014great,2014,padana
social,theory_of_mind_and_metacognition,krupenye2016great,2016,padana
social,theory_of_mind_and_metacognition,bohn2017information,2017,padana
social,theory_of_mind_and_metacognition,buttelmann2017great,2017,padana
social,theory_of_mind_and_metacognition,krupenye2017test,2017,padana
social,theory_of_mind_and_metacognition,schmid2017great,2017,padana
social,theory_of_mind_and_metacognition,kano2018human,2018,padana
social,theory_of_mind_and_metacognition,kano2019great,2019,padana
social,theory_of_mind_and_metacognition,brauer2005all,2005,patrick
social,theory_of_mind_and_metacognition,brauer2007chimpanzees,2007,patrick
social,theory_of_mind_and_metacognition,buttelmann2008behavioral,2008,patrick
social,theory_of_mind_and_metacognition,russell2008image,2008,patrick
social,theory_of_mind_and_metacognition,schmelz2011chimpanzees,2011,patrick
social,theory_of_mind_and_metacognition,buttelmann2017great,2017,patrick
social,theory_of_mind_and_metacognition,brauer2005all,2005,pia
social,theory_of_mind_and_metacognition,buttelmann2008behavioral,2008,pia
social,theory_of_mind_and_metacognition,schmelz2011chimpanzees,2011,pia
social,theory_of_mind_and_metacognition,schmelz2013chimpanzees,2013,pia
social,theory_of_mind_and_metacognition,karg2016differing,2016,pia
social,theory_of_mind_and_metacognition,buttelmann2017great,2017,pia
social,theory_of_mind_and_metacognition,brauer2005all,2005,pini
social,theory_of_mind_and_metacognition,suda2006what,2006,pini
social,theory_of_mind_and_metacognition,buttelmann2008behavioral,2008,pini
social,theory_of_mind_and_metacognition,russell2008image,2008,pini
social,theory_of_mind_and_metacognition,kano2014cross,2014,pini
social,theory_of_mind_and_metacognition,krupenye2016great,2016,pini
social,theory_of_mind_and_metacognition,bohn2017information,2017,pini
social,theory_of_mind_and_metacognition,buttelmann2017great,2017,pini
social,theory_of_mind_and_metacognition,krupenye2017test,2017,pini
social,theory_of_mind_and_metacognition,schmid2017great,2017,pini
social,theory_of_mind_and_metacognition,kano2018human,2018,pini
social,theory_of_mind_and_metacognition,kano2019great,2019,pini
social,theory_of_mind_and_metacognition,kano2014cross,2014,raja
social,theory_of_mind_and_metacognition,kano2014great,2014,raja
social,theory_of_mind_and_metacognition,krupenye2016great,2016,raja
social,theory_of_mind_and_metacognition,bohn2017information,2017,raja
social,theory_of_mind_and_metacognition,buttelmann2017great,2017,raja
social,theory_of_mind_and_metacognition,krupenye2017test,2017,raja
social,theory_of_mind_and_metacognition,schmid2017great,2017,raja
social,theory_of_mind_and_metacognition,kano2018human,2018,raja
social,theory_of_mind_and_metacognition,kano2019great,2019,raja
social,theory_of_mind_and_metacognition,brauer2005all,2005,riet
social,theory_of_mind_and_metacognition,brauer2006making,2006,riet
social,theory_of_mind_and_metacognition,buttelmann2008behavioral,2008,riet
social,theory_of_mind_and_metacognition,russell2008image,2008,riet
social,theory_of_mind_and_metacognition,schmelz2013chimpanzees,2013,riet
social,theory_of_mind_and_metacognition,kano2014cross,2014,riet
social,theory_of_mind_and_metacognition,kano2014great,2014,riet
social,theory_of_mind_and_metacognition,kano2015social,2015,riet
social,theory_of_mind_and_metacognition,karg2016differing,2016,riet
social,theory_of_mind_and_metacognition,krupenye2016great,2016,riet
social,theory_of_mind_and_metacognition,buttelmann2017great,2017,riet
social,theory_of_mind_and_metacognition,krupenye2017test,2017,riet
social,theory_of_mind_and_metacognition,schmid2017great,2017,riet
social,theory_of_mind_and_metacognition,kano2018human,2018,riet
social,theory_of_mind_and_metacognition,kano2019great,2019,riet
social,theory_of_mind_and_metacognition,kopp2021small,2021,riet
social,theory_of_mind_and_metacognition,brauer2006making,2006,robert
social,theory_of_mind_and_metacognition,buttelmann2008behavioral,2008,robert
social,theory_of_mind_and_metacognition,russell2008image,2008,robert
social,theory_of_mind_and_metacognition,schmelz2013chimpanzees,2013,robert
social,theory_of_mind_and_metacognition,kano2014cross,2014,robert
social,theory_of_mind_and_metacognition,kano2014great,2014,robert
social,theory_of_mind_and_metacognition,kano2015social,2015,robert
social,theory_of_mind_and_metacognition,karg2016differing,2016,robert
social,theory_of_mind_and_metacognition,krupenye2016great,2016,robert
social,theory_of_mind_and_metacognition,bohn2017information,2017,robert
social,theory_of_mind_and_metacognition,buttelmann2017great,2017,robert
social,theory_of_mind_and_metacognition,krupenye2017test,2017,robert
social,theory_of_mind_and_metacognition,schmid2017great,2017,robert
social,theory_of_mind_and_metacognition,kano2018human,2018,robert
social,theory_of_mind_and_metacognition,kano2019great,2019,robert
social,theory_of_mind_and_metacognition,kopp2021small,2021,robert
social,theory_of_mind_and_metacognition,brauer2005all,2005,ruby_b'windi
social,theory_of_mind_and_metacognition,buttelmann2008behavioral,2008,ruby_b'windi
social,theory_of_mind_and_metacognition,russell2008image,2008,ruby_b'windi
social,theory_of_mind_and_metacognition,brauer2005all,2005,sandra
social,theory_of_mind_and_metacognition,brauer2006making,2006,sandra
social,theory_of_mind_and_metacognition,suda2006what,2006,sandra
social,theory_of_mind_and_metacognition,brauer2007chimpanzees,2007,sandra
social,theory_of_mind_and_metacognition,buttelmann2008behavioral,2008,sandra
social,theory_of_mind_and_metacognition,russell2008image,2008,sandra
social,theory_of_mind_and_metacognition,schmelz2011chimpanzees,2011,sandra
social,theory_of_mind_and_metacognition,schmelz2013chimpanzees,2013,sandra
social,theory_of_mind_and_metacognition,kano2014cross,2014,sandra
social,theory_of_mind_and_metacognition,kano2014great,2014,sandra
social,theory_of_mind_and_metacognition,kano2015social,2015,sandra
social,theory_of_mind_and_metacognition,karg2016differing,2016,sandra
social,theory_of_mind_and_metacognition,krupenye2016great,2016,sandra
social,theory_of_mind_and_metacognition,bohn2017information,2017,sandra
social,theory_of_mind_and_metacognition,buttelmann2017great,2017,sandra
social,theory_of_mind_and_metacognition,krupenye2017test,2017,sandra
social,theory_of_mind_and_metacognition,schmid2017great,2017,sandra
social,theory_of_mind_and_metacognition,grueneisen2017children,2017,sandra
social,theory_of_mind_and_metacognition,kano2018human,2018,sandra
social,theory_of_mind_and_metacognition,kopp2021small,2021,sandra
social,theory_of_mind_and_metacognition,kano2014cross,2014,suaq
social,theory_of_mind_and_metacognition,kano2014great,2014,suaq
social,theory_of_mind_and_metacognition,krupenye2016great,2016,suaq
social,theory_of_mind_and_metacognition,bohn2017information,2017,suaq
social,theory_of_mind_and_metacognition,krupenye2017test,2017,suaq
social,theory_of_mind_and_metacognition,kano2018human,2018,suaq
social,theory_of_mind_and_metacognition,bohn2017information,2017,swela
social,theory_of_mind_and_metacognition,krupenye2017test,2017,swela
social,theory_of_mind_and_metacognition,kano2019great,2019,swela
social,theory_of_mind_and_metacognition,kopp2021small,2021,swela
social,theory_of_mind_and_metacognition,schmelz2011chimpanzees,2011,tai
social,theory_of_mind_and_metacognition,karg2016differing,2016,tai
social,theory_of_mind_and_metacognition,buttelmann2017great,2017,tai
social,theory_of_mind_and_metacognition,grueneisen2017children,2017,tai
social,theory_of_mind_and_metacognition,schmid2017great,2017,tai
social,theory_of_mind_and_metacognition,kano2018human,2018,tai
social,theory_of_mind_and_metacognition,kano2019great,2019,tai
social,theory_of_mind_and_metacognition,kopp2021small,2021,tai
social,theory_of_mind_and_metacognition,kano2014cross,2014,tanah
social,theory_of_mind_and_metacognition,kano2014great,2014,tanah
social,theory_of_mind_and_metacognition,krupenye2016great,2016,tanah
social,theory_of_mind_and_metacognition,bohn2017information,2017,tanah
social,theory_of_mind_and_metacognition,buttelmann2017great,2017,tanah
social,theory_of_mind_and_metacognition,krupenye2017test,2017,tanah
social,theory_of_mind_and_metacognition,schmid2017great,2017,tanah
social,theory_of_mind_and_metacognition,kano2018human,2018,tanah
social,theory_of_mind_and_metacognition,brauer2005all,2005,toba
social,theory_of_mind_and_metacognition,suda2006what,2006,toba
social,theory_of_mind_and_metacognition,buttelmann2008behavioral,2008,toba
social,theory_of_mind_and_metacognition,brauer2005all,2005,ulindi
social,theory_of_mind_and_metacognition,brauer2006making,2006,ulindi
social,theory_of_mind_and_metacognition,suda2006what,2006,ulindi
social,theory_of_mind_and_metacognition,buttelmann2008behavioral,2008,ulindi
social,theory_of_mind_and_metacognition,russell2008image,2008,ulindi
social,theory_of_mind_and_metacognition,kano2014cross,2014,ulindi
social,theory_of_mind_and_metacognition,kano2015social,2015,ulindi
social,theory_of_mind_and_metacognition,brauer2005all,2005,ulla
social,theory_of_mind_and_metacognition,brauer2006making,2006,ulla
social,theory_of_mind_and_metacognition,suda2006what,2006,ulla
social,theory_of_mind_and_metacognition,brauer2007chimpanzees,2007,ulla
social,theory_of_mind_and_metacognition,russell2008image,2008,ulla
social,theory_of_mind_and_metacognition,schmelz2013chimpanzees,2013,ulla
social,theory_of_mind_and_metacognition,kano2014cross,2014,ulla
social,theory_of_mind_and_metacognition,kano2014great,2014,ulla
social,theory_of_mind_and_metacognition,kano2015social,2015,ulla
social,theory_of_mind_and_metacognition,karg2016differing,2016,ulla
social,theory_of_mind_and_metacognition,buttelmann2017great,2017,ulla
social,theory_of_mind_and_metacognition,brauer2005all,2005,vimoto
social,theory_of_mind_and_metacognition,brauer2005all,2005,viringika
social,theory_of_mind_and_metacognition,buttelmann2008behavioral,2008,viringika
social,theory_of_mind_and_metacognition,schmid2017great,2017,viringika
social,theory_of_mind_and_metacognition,brauer2005all,2005,vizuri
social,theory_of_mind_and_metacognition,brauer2005all,2005,walter
social,theory_of_mind_and_metacognition,suda2006what,2006,walter
social,theory_of_mind_and_metacognition,buttelmann2008behavioral,2008,walter
social,theory_of_mind_and_metacognition,krupenye2016great,2016,yaro
social,theory_of_mind_and_metacognition,krupenye2017test,2017,yaro
social,theory_of_mind_and_metacognition,kano2018human,2018,yaro
social,theory_of_mind_and_metacognition,kano2019great,2019,yaro
social,theory_of_mind_and_metacognition,russell2008image,2008,yasa
social,theory_of_mind_and_metacognition,kano2014cross,2014,yasa
social,theory_of_mind_and_metacognition,kano2014great,2014,yasa
social,theory_of_mind_and_metacognition,kano2015social,2015,yasa
social,theory_of_mind_and_metacognition,krupenye2016great,2016,yasa
social,theory_of_mind_and_metacognition,buttelmann2017great,2017,yasa
social,theory_of_mind_and_metacognition,grueneisen2017children,2017,yasa
social,theory_of_mind_and_metacognition,krupenye2017test,2017,yasa
social,theory_of_mind_and_metacognition,schmid2017great,2017,yasa
social,theory_of_mind_and_metacognition,kano2018human,2018,yasa
social,theory_of_mind_and_metacognition,kano2019great,2019,yasa
social,theory_of_mind_and_metacognition,kopp2021small,2021,youma
social,theory_of_mind_and_metacognition,kopp2021small,2021,zira
